FirstTime	Lang	EnglishName	ISO6393Lang	FirstDate	IndigName	LastSize
09:57:45	en	Rain (entertainer)	eng	2005-02-23	Rain (entertainer)	43710
14:25:59	zh	Rain (entertainer)	zho	2006-07-15	Rain	9877
12:47:37	vi	Rain (entertainer)	vie	2006-04-16	Rain (ca sĩ)	20976
18:11:40	it	Rain (entertainer)	ita	2008-07-18	Rain (cantante)	9106
11:25:34	gl	Rain (entertainer)	glg	2012-07-23	Rain (artista)	2915
10:33:46	id	Rain (entertainer)	msa	2009-06-21	Rain (penyanyi)	3549
03:02:12	es	Rain (entertainer)	spa	2008-11-12	Rain (cantante)	7377
14:03:43	ru	Rain (entertainer)	rus	2010-03-23	Рейн (актёр)	29255
04:04:06	pt	Rain (entertainer)	por	2011-10-02	Rain (cantor)	2527
15:08:00	tl	Rain (entertainer)	fil	2010-11-05	Rain (mang-aawit)	620
02:42:45	th	Rain (entertainer)	tha	2006-02-08	เรน (นักร้อง)	15031
16:26:04	ro	Rain (entertainer)	ron	2010-09-07	Rain (artist)	31318
20:32:23	pam	Rain (entertainer)	pam	2011-11-10	Rain (talakanta)	704
14:43:32	fr	Rain (entertainer)	fra	2008-03-12	Rain (chanteur)	9763
20:17:36	jv	Rain (entertainer)	jav	2011-08-11	Jeong Ji Hoon	5867
13:24:40	de	Rain (entertainer)	deu	2007-05-05	Rain (Sänger)	11970
16:08:57	hu	Rain (entertainer)	hun	2011-11-23	Rain (előadó)	8813
18:21:18	fi	Rain (entertainer)	fin	2006-10-20	Rain	4039
07:38:24	ja	Rain (entertainer)	jpn	2005-09-07	ピ (歌手)	32191
02:24:53	ko	Rain (entertainer)	kor	2004-11-28	비 (가수)	26478
16:01:32	ms	Rain (entertainer)	msa	2007-12-11	Rain (penghibur)	2361
07:58:10	my	Rain (entertainer)	mya	2009-08-18	ရိန်း	10451
03:22:14	en	Yao Chen	eng	2011-06-14	Yao Chen	3987
12:04:24	zh	Yao Chen	zho	2006-07-22	姚晨	9791
19:03:01	ru	Camila Vallejo	rus	2011-09-11	Вальехо, Камила	11232
10:07:00	fr	Camila Vallejo	fra	2011-08-30	Camila Vallejo	4094
02:14:01	en	Camila Vallejo	eng	2011-08-06	Camila Vallejo	9529
05:50:15	pt	Camila Vallejo	por	2011-08-16	Camila Vallejo	2333
16:29:58	tr	Camila Vallejo	tur	2011-08-28	Camila Vallejo	2390
21:19:43	de	Camila Vallejo	deu	2011-08-25	Camila Vallejo	11855
22:03:37	ko	Camila Vallejo	kor	2011-09-21	카밀라 바예호	1056
02:20:57	ne	Camila Vallejo	nep	2011-11-27	क्यामिला भ्यालेजो	2890
14:40:45	it	Camila Vallejo	ita	2011-08-05	Camila Vallejo	10648
15:39:24	si	Camila Vallejo	sin	2012-06-03	කමිලා බෂේහෝ	5413
06:52:43	es	Camila Vallejo	spa	2011-06-18	Camila Vallejo	23078
23:21:48	eo	Camila Vallejo	epo	2011-12-29	Camila Vallejo	1316
13:03:27	az	Camila Vallejo	aze	2011-08-26	Kamila Valexo	1558
21:48:04	ja	Camila Vallejo	jpn	2012-05-30	カミーラ・バジェーホ	5901
12:11:40	pl	Camila Vallejo	pol	2012-05-29	Camila Vallejo	1494
22:13:29	fr	Hatsune Miku	fra	2008-06-09	Miku Hatsune	12568
01:28:24	en	Hatsune Miku	eng	2007-09-26	Hatsune Miku	32249
10:37:54	zh	Hatsune Miku	zho	2007-09-09	初音未來	134591
20:05:53	hr	Hatsune Miku	hbs	2012-05-30	Hatsune Miku	1213
15:25:47	vi	Hatsune Miku	vie	2012-05-14	Hatsune Miku	13817
17:57:34	de	Hatsune Miku	deu	2009-02-23	Miku Hatsune	41271
13:34:44	ko	Hatsune Miku	kor	2007-10-20	하츠네 미쿠	10536
15:19:33	it	Hatsune Miku	ita	2010-12-04	Hatsune Miku	16254
13:04:46	sv	Hatsune Miku	swe	2008-04-18	Miku Hatsune	1339
04:01:53	es	Hatsune Miku	spa	2010-05-13	Miku Hatsune	17666
14:50:35	th	Hatsune Miku	tha	2012-07-25	ฮะสึเนะ มิกุ	3963
17:27:41	id	Hatsune Miku	msa	2010-11-05	Hatsune Miku	5260
10:39:02	fi	Hatsune Miku	fin	2010-06-15	Vocaloid#Miku Hatsune	8386
04:51:52	ja	Hatsune Miku	jpn	2007-10-19	初音ミク	105705
20:55:06	pl	Hatsune Miku	pol	2010-11-13	Hatsune Miku	4311
05:24:24	en	Pinterest	eng	2011-08-22	Pinterest	35501
06:04:32	zh	Pinterest	zho	2012-02-24	Pinterest	2239
10:25:38	vi	Pinterest	vie	2012-03-01	Pinterest	4832
14:52:17	ca	Pinterest	cat	2012-06-08	Pinterest	11838
19:52:02	it	Pinterest	ita	2012-01-16	Pinterest	2444
21:33:27	ar	Pinterest	ara	2012-08-13	بنترست	2634
10:47:18	es	Pinterest	spa	2012-02-08	Pinterest	3243
14:04:57	ru	Pinterest	rus	2012-03-23	Pinterest	6791
15:44:48	nl	Pinterest	nld	2012-03-03	Pinterest	3720
23:18:57	pt	Pinterest	por	2012-02-12	Pinterest	9491
13:56:25	no	Pinterest	nor	2012-08-25	Pinterest	1438
23:40:30	pl	Pinterest	pol	2012-09-17	Pinterest	2578
14:00:05	fr	Pinterest	fra	2012-05-23	Pinterest	11389
20:12:09	bg	Pinterest	bul	2012-03-06	Pinterest	4565
16:07:22	de	Pinterest	deu	2012-01-01	Pinterest	6657
20:11:01	da	Pinterest	dan	2012-07-04	Pinterest	1251
16:08:06	fa	Pinterest	fas	2012-06-22	پین‌ترست	3158
08:25:38	fi	Pinterest	fin	2012-04-27	Pinterest	2874
17:47:58	hu	Pinterest	hun	2012-02-17	Pinterest	7485
18:41:33	ja	Pinterest	jpn	2012-02-13	Pinterest	3499
21:13:44	he	Pinterest	heb	2012-02-29	פינטרסט	4129
11:16:57	bar	Pinterest	bar	2012-06-18	Pinterest	2372
13:22:25	ko	Pinterest	kor	2012-03-01	핀터레스트	6761
13:31:39	sv	Pinterest	swe	2012-05-26	Pinterest	8538
08:22:21	uk	Pinterest	ukr	2012-08-21	Pinterest	2671
08:39:49	ru	Bo Xilai	rus	2012-03-21	Бо Силай	10808
05:42:53	fr	Bo Xilai	fra	2005-09-06	Bo Xilai	11176
09:42:33	en	Bo Xilai	eng	2004-03-15	Bo Xilai	87028
14:03:52	nl	Bo Xilai	nld	2012-04-09	Bo Xilai	2708
02:49:47	no	Bo Xilai	nor	2008-01-29	Bo Xilai	41173
07:09:07	vi	Bo Xilai	vie	2012-03-17	Bạc Hy Lai	3875
13:57:37	de	Bo Xilai	deu	2006-12-04	Bo Xilai	7580
12:21:34	ko	Bo Xilai	kor	2008-05-27	보시라이	7870
22:11:46	sv	Bo Xilai	swe	2008-09-25	Bo Xilai	5987
08:38:55	it	Bo Xilai	ita	2012-08-20	Bo Xilai	4567
18:06:19	cs	Bo Xilai	ces	2012-02-19	Po Si-laj	21976
16:41:24	fa	Bo Xilai	fas	2012-07-27	بو شیلای	5215
04:24:05	es	Bo Xilai	spa	2011-09-05	Bo Xilai	5271
18:33:56	eu	Bo Xilai	eus	2009-10-22	Bo Xilai	1860
03:27:25	zh	Bo Xilai	zho	2004-03-16	薄熙来	24869
17:51:11	hu	Bo Xilai	hun	2012-05-28	Po Hszi-laj	25042
18:29:24	da	Bo Xilai	dan	2010-10-29	Bo Xilai	2146
01:26:01	ja	Bo Xilai	jpn	2007-10-29	薄熙来	18009
12:32:34	pl	Bo Xilai	pol	2012-04-17	Bo Xilai	9723
13:58:48	he	Bo Xilai	heb	2012-07-16	בו שילאי	1761
20:56:44	ru	Riad al-Asaad	rus	2012-02-29	Аль-Асаад, Рияд	3835
04:47:45	fr	Riad al-Asaad	fra	2012-02-15	Riyad Al Asaad	2557
01:13:19	en	Riad al-Asaad	eng	2011-10-06	Riad al-Asaad	6883
10:09:35	zh	Riad al-Asaad	zho	2011-10-06	利雅得·阿萨德	2394
13:55:27	no	Riad al-Asaad	nor	2011-12-11	Riyaḍ al-Asʿad	1134
10:17:43	de	Riad al-Asaad	deu	2012-05-25	Riad al-Asaad	1399
08:15:06	tr	Riad al-Asaad	tur	2012-01-29	Riyad el-Esad	2156
20:35:05	fa	Riad al-Asaad	fas	2012-08-13	ریاض الاسعد	4255
22:47:50	ar	Riad al-Asaad	ara	2011-10-09	رياض موسى الأسعد	6867
23:13:08	es	Riad al-Asaad	spa	2011-12-19	Riyad al-Asad	3587
21:01:46	he	Riad al-Asaad	heb	2012-07-20	ריאד אל-אסעד	2720
03:19:17	vi	Li Yuchun	vie	2010-03-07	Lý Vũ Xuân	13050
06:33:27	en	Li Yuchun	eng	2005-08-27	Li Yuchun	18415
13:22:40	zh	Li Yuchun	zho	2005-07-26	李宇春	29793
08:49:49	ja	Li Yuchun	jpn	2008-03-17	李宇春	16719
17:51:32	en	Wael Ghonim	eng	2011-02-03	Wael Ghonim	27940
08:54:48	zh	Wael Ghonim	zho	2011-02-09	威爾·戈寧	9187
16:44:57	it	Wael Ghonim	ita	2011-04-21	Wael Ghonim	1618
06:57:10	ar	Wael Ghonim	ara	2011-02-04	وائل غنيم	23410
12:12:57	az	Wael Ghonim	aze	2011-02-15	Vael Qonim	2455
13:26:11	es	Wael Ghonim	spa	2011-02-12	Wael Ghonim	5077
02:40:20	ru	Wael Ghonim	rus	2011-02-10	Гоним, Ваиль	10930
01:03:05	nl	Wael Ghonim	nld	2011-02-15	Wael Ghonim	3057
15:15:20	pt	Wael Ghonim	por	2011-04-16	Wael Ghonim	2022
15:39:30	no	Wael Ghonim	nor	2011-10-02	Wael Ghonim	2080
05:22:30	tr	Wael Ghonim	tur	2011-04-26	Wael Ghonim	2909
07:09:42	ta	Wael Ghonim	tam	2011-04-23	வாஇல் குனைம்	6693
19:25:03	fr	Wael Ghonim	fra	2011-02-10	Wael Ghonim	5633
13:30:29	ms	Wael Ghonim	msa	2011-02-16	Wael Ghonim	4149
08:33:21	de	Wael Ghonim	deu	2011-02-12	Wael Ghonim	11775
16:00:33	da	Wael Ghonim	dan	2012-02-04	Wael Ghonim	4014
09:00:01	fa	Wael Ghonim	fas	2011-09-30	وائل غنیم	13265
10:27:09	ja	Wael Ghonim	jpn	2011-02-09	ワエル・ゴニム	14030
14:45:27	he	Wael Ghonim	heb	2011-02-17	ואאיל רונים	7560
19:51:34	mn	Wael Ghonim	mon	2011-02-11	Ваел Гоним	2451
20:38:04	sv	Wael Ghonim	swe	2011-10-06	Wael Ghonim	11489
08:48:27	uk	Wael Ghonim	ukr	2011-04-22	Ваель Ґонім	4822
10:20:29	gv	Facebook	glv	2010-09-05	Facebook	7936
18:53:54	sco	Facebook	sco	2010-11-06	Facebook	2944
09:47:15	scn	Facebook	scn	2008-09-01	Facebook	3204
16:16:31	ga	Facebook	gle	2009-03-12	Facebook	4908
11:23:18	gl	Facebook	glg	2008-11-15	Facebook	4336
07:32:32	als	Facebook	sqi	2010-08-26	Facebook	8530
20:33:58	ha	Facebook	hau	2010-02-02	Facebook	4715
17:16:57	vep	Facebook	vep	2012-05-30	Facebook	2890
03:47:38	la	Facebook	lat	2009-10-19	Facebook	4940
09:27:00	lo	Facebook	lao	2012-04-01	ເຟຊບຸກ	6104
20:29:26	xmf	Facebook	xmf	2011-03-13	ფეისბუქი	8740
06:11:50	tr	Facebook	tur	2007-09-13	Facebook	18873
11:33:53	lv	Facebook	lav	2008-08-10	Facebook	8435
06:07:51	tl	Facebook	fil	2009-05-27	Facebook	4998
12:14:40	vec	Facebook	vec	2008-05-07	Facebook	4150
01:21:56	th	Facebook	tha	2007-10-12	เฟซบุ๊ก	48829
16:50:36	tg	Facebook	tgk	2012-04-07	Фейсбук	7387
06:07:37	te	Facebook	tel	2011-02-17	ఫేస్‌బుక్	127606
03:51:48	ta	Facebook	tam	2008-09-25	ஃபேஸ்புக்	20469
16:44:37	yi	Facebook	yid	2009-03-25	פייסבוק	6079
13:53:59	de	Facebook	deu	2006-09-12	Facebook	116208
06:18:42	ko	Facebook	kor	2007-11-06	페이스북	15747
21:33:59	da	Facebook	dan	2007-07-11	Facebook	15868
19:24:29	vls	Facebook	vls	2011-12-20	Facebook	3140
15:40:09	bar	Facebook	bar	2009-02-28	Facebook	8787
12:18:30	eml	Facebook	eml	2010-11-24	Facebook	3827
17:26:09	mhr	Facebook	chm	2011-05-01	Facebook	6034
23:10:27	diq	Facebook	zza	2008-11-07	Facebook	4457
23:41:37	el	Facebook	ell	2008-05-02	Facebook	6895
11:37:50	eo	Facebook	epo	2008-05-07	Facebook	5162
00:08:10	en	Facebook	eng	2004-04-30	Facebook	93506
03:50:56	zh	Facebook	zho	2007-06-26	Facebook	56385
17:33:20	pms	Facebook	pms	2008-11-18	Facebook	4419
03:50:45	arz	Facebook	ara	2008-08-23	فيس بوك	3658
14:35:10	eu	Facebook	eus	2008-12-04	Facebook	5890
23:34:08	et	Facebook	est	2009-08-12	Facebook	5223
18:32:46	es	Facebook	spa	2007-06-22	Facebook	32400
23:12:48	ru	Facebook	rus	2007-12-03	Facebook	62753
01:54:15	rw	Facebook	kin	2010-12-23	Facebook	3373
14:03:29	got	Facebook	got	2011-08-20	𐍆𐌰𐌹𐌾𐍃𐌱𐍉𐌺	3957
16:46:01	ro	Facebook	ron	2009-06-21	Facebook	15839
10:04:15	bn	Facebook	ben	2008-11-25	ফেইসবুক	16945
06:33:20	be	Facebook	bel	2011-07-25	Facebook	7288
08:34:21	bg	Facebook	bul	2008-10-02	Facebook	6006
21:43:00	uk	Facebook	ukr	2008-08-13	Facebook	59068
21:23:06	ast	Facebook	ast	2010-05-02	Facebook	13257
13:08:10	jv	Facebook	jav	2009-03-21	Facebook	7164
15:35:56	br	Facebook	bre	2010-01-29	Facebook	6932
19:19:56	lmo	Facebook	lmo	2010-04-04	Facebook	2859
08:14:52	ja	Facebook	jpn	2007-04-27	Facebook	23249
17:13:37	ace	Facebook	ace	2012-09-02	Facebook	2810
13:09:14	ilo	Facebook	ilo	2010-12-25	Facebook	2771
02:58:41	nds	Facebook	nds	2011-01-20	Facebook	3141
08:51:02	os	Facebook	oss	2010-07-21	Facebook	2874
01:42:53	or	Facebook	ori	2011-04-16	ଫେସବୁକ	12156
12:03:57	bjn	Facebook	msa	2010-04-24	Facebook	4493
10:20:14	ca	Facebook	cat	2007-07-25	Facebook	8684
08:53:14	bs	Facebook	hbs	2008-05-18	Facebook	6133
00:38:14	ce	Facebook	che	2011-02-08	Facebook	3300
14:04:52	cy	Facebook	cym	2007-09-12	Facebook	5428
20:44:50	cs	Facebook	ces	2008-01-16	Facebook	21865
08:30:20	cv	Facebook	chv	2011-07-27	Facebook	6452
16:54:06	ps	Facebook	pus	2010-09-09	فېس بوک	3738
04:31:08	pt	Facebook	por	2007-05-13	Facebook	50963
20:32:08	lt	Facebook	lit	2008-04-03	Facebook	5585
16:04:52	pa	Facebook	pan	2012-10-06	ਫ਼ੇਸਬੁੱਕ	6212
14:34:48	war	Facebook	war	2012-03-11	Facebook	2801
05:15:52	pl	Facebook	pol	2006-11-29	Facebook	21727
16:14:10	hy	Facebook	hye	2010-12-02	Ֆեյսբուք	9066
14:31:37	hr	Facebook	hbs	2008-03-15	Facebook	8702
13:17:02	hu	Facebook	hun	2008-06-20	Facebook	31667
01:32:10	hi	Facebook	hin	2009-05-26	फेसबुक	32233
17:32:02	pnb	Facebook	lah	2010-11-08	فیس بک	3802
17:01:44	he	Facebook	heb	2007-08-19	פייסבוק	29658
12:27:35	uz	Facebook	uzb	2011-05-16	Facebook	3363
09:12:36	ml	Facebook	mal	2009-04-19	ഫേസ്‌ബുക്ക്	15621
22:13:42	mk	Facebook	mkd	2009-05-10	Facebook	67378
17:28:06	ur	Facebook	urd	2009-10-28	فیس بک	4620
10:58:13	mt	Facebook	mlt	2010-01-04	Facebook	10158
10:55:10	tt	Facebook	tat	2010-09-12	Facebook	7059
10:17:26	ms	Facebook	msa	2007-11-14	Facebook	24000
19:46:41	mr	Facebook	mar	2010-07-07	फेसबूक	8979
09:16:13	ug	Facebook	uig	2010-02-08	Facebook	2704
07:21:01	my	Facebook	mya	2010-12-01	ဖေ့စ်ဘွတ်ခ်	7496
07:03:38	sah	Facebook	sah	2009-04-11	Facebook	5187
17:45:51	af	Facebook	afr	2007-07-27	Facebook	5025
00:41:49	vi	Facebook	vie	2007-11-11	Facebook	46578
11:27:24	is	Facebook	isl	2008-08-26	Facebook	4097
16:51:32	am	Facebook	amh	2010-03-09	ፌስቡክ	3255
13:59:44	it	Facebook	ita	2007-07-22	Facebook	49509
15:31:26	kn	Facebook	kan	2009-12-07	ಫೇಸ್‌ಬುಕ್‌	171106
19:20:40	as	Facebook	asm	2011-12-07	ফেচবুক	14459
19:01:46	ar	Facebook	ara	2007-10-03	فيس بوك	100415
10:01:51	km	Facebook	khm	2011-12-12	ហ្វេសប៊ុក	24994
14:35:27	zu	Facebook	zul	2010-10-20	Facebook	3040
07:38:44	az	Facebook	aze	2009-05-29	Facebook	7090
12:16:23	id	Facebook	msa	2007-09-28	Facebook	80640
22:51:11	pap	Facebook	pap	2010-11-08	Facebook	3124
03:30:31	nl	Facebook	nld	2006-09-11	Facebook	13977
12:21:07	nn	Facebook	nor	2007-04-29	Facebook	6916
21:13:56	no	Facebook	nor	2007-03-04	Facebook	11421
06:09:43	ne	Facebook	nep	2010-02-18	फेसबुक	15989
05:21:08	pam	Facebook	pam	2010-12-17	Facebook	11195
08:40:15	nv	Facebook	nav	2011-11-13	Naaltsoos binííʼ	3403
17:56:33	kab	Facebook	kab	2012-09-25	Facebook	4034
07:50:07	fr	Facebook	fra	2006-08-25	Facebook	37964
00:42:54	lad	Facebook	lad	2011-10-17	Facebook	5079
14:36:20	fy	Facebook	fry	2011-08-17	Facebook	4501
23:36:40	fa	Facebook	fas	2008-09-06	فیس‌بوک	20754
22:03:04	fi	Facebook	fin	2007-03-24	Facebook	32924
09:29:05	mzn	Facebook	mzn	2012-04-04	فیس‌بوک	10153
12:18:54	fo	Facebook	fao	2008-09-13	Facebook	5775
15:23:33	bcl	Facebook	bik	2009-11-08	Facebook	2742
12:53:42	ka	Facebook	kat	2009-11-14	Facebook	6231
00:35:35	ckb	Facebook	kur	2009-11-29	فەیسبووک	6353
17:16:50	kk	Facebook	kaz	2011-08-03	Facebook	39934
18:04:33	sr	Facebook	hbs	2008-10-24	Фејсбук	13424
08:30:54	sq	Facebook	sqi	2009-08-21	Facebook	18558
10:23:22	sw	Facebook	swa	2009-11-21	Facebook	3063
22:30:54	sv	Facebook	swe	2007-04-26	Facebook	45678
04:59:17	su	Facebook	sun	2009-03-19	Facebook	5138
12:33:47	sk	Facebook	slk	2008-09-30	Facebook	6558
09:45:43	si	Facebook	sin	2009-11-12	ෆේස්බුක්	8370
10:25:07	sh	Facebook	hbs	2009-09-12	Facebook	8159
21:57:58	so	Facebook	som	2010-06-29	Facebook	3443
20:59:34	ku	Facebook	kur	2010-04-28	Facebook	4197
05:16:01	sl	Facebook	slv	2008-04-04	Facebook	25302
14:40:20	pdc	Facebook	pdc	2009-09-21	Facebook	2871
22:04:14	eo	Taslima Nasrin	epo	2005-02-08	Taslima Nasrin	1846
00:34:57	en	Taslima Nasrin	eng	2004-03-28	Taslima Nasrin	46163
11:34:35	ca	Taslima Nasrin	cat	2007-06-03	Taslima Nasrin	3849
23:48:38	it	Taslima Nasrin	ita	2007-07-13	Taslima Nasreen	12132
07:21:41	cs	Taslima Nasrin	ces	2008-06-15	Taslima Nasrinová	2937
23:37:22	eu	Taslima Nasrin	eus	2011-12-26	Taslima Nasrin	2451
22:55:06	id	Taslima Nasrin	msa	2012-06-03	Taslima Nasrin	3788
08:50:48	es	Taslima Nasrin	spa	2008-07-01	Taslima Nasrin	7334
13:02:36	ru	Taslima Nasrin	rus	2008-10-20	Насрин, Таслима	10160
20:49:01	nl	Taslima Nasrin	nld	2007-11-23	Taslima Nasreen	3955
12:17:36	nn	Taslima Nasrin	nor	2008-03-29	Taslima Nasrin	3655
10:28:07	no	Taslima Nasrin	nor	2007-08-13	Taslima Nasrin	2786
17:35:59	ne	Taslima Nasrin	nep	2011-01-06	तसलीमा नसरिन	11061
19:36:44	ro	Taslima Nasrin	ron	2008-06-04	Taslima Nasrin	2271
00:19:49	pl	Taslima Nasrin	pol	2006-09-12	Taslima Nasrin	4288
06:23:30	ta	Taslima Nasrin	tam	2008-08-17	தஸ்லிமா நசுரீன்	4086
10:09:15	fr	Taslima Nasrin	fra	2004-03-28	Taslima Nasreen	21427
04:59:58	bn	Taslima Nasrin	ben	2006-04-01	তসলিমা নাসরিন	24920
18:49:40	de	Taslima Nasrin	deu	2004-03-27	Taslima Nasrin	8967
10:31:13	da	Taslima Nasrin	dan	2007-08-18	Taslima Nasrin	1441
14:58:40	fa	Taslima Nasrin	fas	2006-07-12	تسلیمه نسرین	9557
11:56:00	hi	Taslima Nasrin	hin	2005-01-05	तसलीमा नसरीन	5860
07:25:49	fi	Taslima Nasrin	fin	2008-01-02	Taslima Nasrin	5003
14:19:10	te	Taslima Nasrin	tel	2007-12-05	తస్లీమా నస్రీన్	16148
17:28:30	pt	Taslima Nasrin	por	2011-10-06	Taslima Nasrin	5860
04:55:39	ml	Taslima Nasrin	mal	2007-12-21	തസ്ലീമ നസ്റീൻ	3999
23:24:03	sv	Taslima Nasrin	swe	2004-10-26	Taslima Nasrin	2781
19:23:57	si	Taslima Nasrin	sin	2007-02-25	තස්ලිමා නස්රීන්	16398
01:37:19	sh	Taslima Nasrin	hbs	2012-02-21	Taslima Nasrin	1876
02:34:53	mr	Taslima Nasrin	mar	2007-08-24	तस्लीमा नसरीन	5941
18:56:28	or	Taslima Nasrin	ori	2011-09-14	ତସଲିମା ନସରିନ	3907
07:55:20	ru	Burhan Ghalioun	rus	2011-12-01	Гальюн, Бурхан	7783
23:30:22	fr	Burhan Ghalioun	fra	2011-10-17	Burhan Ghalioun	15145
12:18:55	en	Burhan Ghalioun	eng	2011-08-29	Burhan Ghalioun	11505
12:09:46	nl	Burhan Ghalioun	nld	2012-07-10	Burhan Ghalioun	1512
11:28:26	no	Burhan Ghalioun	nor	2011-12-22	Burhan Ġalyun	920
08:27:19	tr	Burhan Ghalioun	tur	2012-01-29	Burhan Galyun	781
21:01:53	fa	Burhan Ghalioun	fas	2011-09-27	برهان غلیون	6230
11:38:05	ar	Burhan Ghalioun	ara	2006-01-10	برهان غليون	4606
09:41:05	zh	Burhan Ghalioun	zho	2011-12-03	伯翰·加利昂	5771
08:09:34	az	Burhan Ghalioun	aze	2011-12-19	Burhan Qalyun	1870
11:06:21	he	Burhan Ghalioun	heb	2012-02-11	בורהאן ע'ליון	10048
15:11:04	el	Pussy Riot	ell	2012-08-02	Pussy Riot	8657
23:25:56	eo	Pussy Riot	epo	2012-08-20	Pussy Riot	7841
02:53:56	sah	Pussy Riot	sah	2012-05-12	Pussy Riot	4482
06:17:38	zh	Pussy Riot	zho	2012-08-18	暴動小貓	49673
09:35:07	ko	Pussy Riot	kor	2012-08-17	푸시 라이엇	3745
10:13:22	ca	Pussy Riot	cat	2012-07-22	Pussy Riot	3075
06:49:48	it	Pussy Riot	ita	2012-08-04	Pussy Riot	52887
08:09:03	vo	Pussy Riot	vol	2012-08-11	Pussy Riot	1185
05:24:52	cy	Pussy Riot	cym	2012-09-02	Pussy Riot	5749
02:31:38	ar	Pussy Riot	ara	2012-08-19	بوسي ريوت	3346
14:13:04	cs	Pussy Riot	ces	2012-05-07	Pussy Riot	21525
09:02:01	et	Pussy Riot	est	2012-07-31	Pussy Riot	3911
14:40:46	id	Pussy Riot	msa	2012-08-18	Pussy Riot	14960
06:31:13	es	Pussy Riot	spa	2012-08-08	Pussy Riot	18032
12:51:17	ru	Pussy Riot	rus	2012-02-26	Pussy Riot	72306
14:00:13	nl	Pussy Riot	nld	2012-08-07	Pussy Riot	4405
06:01:48	pt	Pussy Riot	por	2012-08-09	Pussy Riot	11987
23:16:10	no	Pussy Riot	nor	2012-07-11	Pussy Riot	9090
10:40:26	tr	Pussy Riot	tur	2012-08-17	Pussy Riot	2373
19:08:47	lt	Pussy Riot	lit	2012-10-22	Pussy Riot	5117
18:45:20	en	Pussy Riot	eng	2012-02-10	Pussy Riot	91218
10:05:14	th	Pussy Riot	tha	2012-08-18	พุสซีไรออต	4423
13:26:54	he	Pussy Riot	heb	2012-08-07	פוסי ריוט	5167
12:28:18	is	Pussy Riot	isl	2012-03-29	Pussy Riot	2785
20:06:52	pl	Pussy Riot	pol	2012-03-09	Pussy Riot	15096
09:39:53	mwl	Pussy Riot	mwl	2012-08-11	Pussy Riot	1370
10:24:01	be	Pussy Riot	bel	2012-07-23	Pussy Riot	6934
22:25:14	fr	Pussy Riot	fra	2012-04-08	Pussy Riot	36339
11:16:11	bg	Pussy Riot	bul	2012-08-22	Pussy Riot	8404
14:16:34	fy	Pussy Riot	fry	2012-08-20	Pussy Riot	3845
19:04:22	de	Pussy Riot	deu	2012-04-02	Pussy Riot	44957
14:37:38	da	Pussy Riot	dan	2012-07-10	Pussy Riot	4887
17:22:50	br	Pussy Riot	bre	2012-09-05	Pussy Riot	2031
16:51:21	fi	Pussy Riot	fin	2012-03-15	Pussy Riot	27223
20:54:14	hy	Pussy Riot	hye	2012-08-16	Փուսի Ռայըթ	2475
19:10:29	hu	Pussy Riot	hun	2012-03-14	Pussy Riot	7377
12:50:42	ja	Pussy Riot	jpn	2012-08-13	プッシー・ライオット	34003
10:05:34	fo	Pussy Riot	fao	2012-08-11	Pussy Riot	6735
21:56:40	ro	Pussy Riot	ron	2012-08-20	Pussy Riot	6905
18:01:42	vep	Pussy Riot	vep	2012-09-08	Pussy Riot	2125
14:50:10	eml	Pussy Riot	eml	2012-08-17	Pussy Riot	7935
14:43:29	oc	Pussy Riot	oci	2012-08-19	Pussy Riot	2132
12:28:47	sv	Pussy Riot	swe	2012-08-07	Pussy Riot	3615
18:05:00	mk	Pussy Riot	mkd	2012-08-18	Pussy Riot	7720
17:08:23	sk	Pussy Riot	slk	2012-08-17	Pussy Riot	5324
17:14:07	sh	Pussy Riot	hbs	2012-08-17	Pussy Riot	3834
18:01:01	uk	Pussy Riot	ukr	2012-08-07	Pussy Riot	13980
21:22:57	sl	Pussy Riot	slv	2012-08-17	Pussy Riot	5131
08:59:24	sc	Pussy Riot	srd	2012-08-18	Pussy Riot	2720
23:36:26	ta	Pussy Riot	tam	2012-08-18	புசி றயற்	4763
15:39:35	fr	Robin Li	fra	2007-10-21	Robin Li	1634
07:42:56	en	Robin Li	eng	2006-05-18	Robin Li	9167
23:37:11	zh	Robin Li	zho	2006-07-13	李彦宏	6332
17:55:24	tr	Robin Li	tur	2011-09-04	Robin Li	6421
16:00:47	de	Robin Li	deu	2012-07-12	Robin Li	1385
10:33:45	ko	Robin Li	kor	2011-07-02	리옌훙	1473
01:07:01	ja	Robin Li	jpn	2007-11-28	李彦宏	1752
01:42:48	fr	Khattiya Sawasdipol	fra	2010-05-14	Khattiya Sawasdiphol	7202
19:20:53	en	Khattiya Sawasdipol	eng	2007-05-16	Khattiya Sawasdipol	8827
01:29:18	zh	Khattiya Sawasdipol	zho	2010-05-18	卡迪亚·萨瓦滴蓬	1649
10:38:20	ms	Khattiya Sawasdipol	msa	2010-05-17	Khattiya Sawasdipol	3083
10:33:59	no	Khattiya Sawasdipol	nor	2010-05-14	Khattiya Sawasdipol	2423
13:35:49	vi	Khattiya Sawasdipol	vie	2010-05-18	Khattiya Sawasdipol	3665
19:24:09	de	Khattiya Sawasdipol	deu	2010-05-13	Khattiya Sawasdipol	8004
19:56:41	fa	Khattiya Sawasdipol	fas	2010-05-13	ختیه سواسدیپل	7150
01:53:25	th	Khattiya Sawasdipol	tha	2007-06-03	ขัตติยะ สวัสดิผล	32969
02:55:52	fi	Khattiya Sawasdipol	fin	2010-05-16	Khattiya Sawasdipol	2934
05:20:06	es	Khattiya Sawasdipol	spa	2010-05-14	Khattiya Sawasdiphol	3167
