EnglishName	Lang	ISO6393Lang	IndigName	FirstDate	FirstTime	LastSize
Intuit	fr	fra	Intuit	2007-11-26	20:45:08	2361
Intuit	en	eng	Intuit	2001-03-28	19:36:34	28070
Intuit	kk	kaz	Intuit	2012-03-30	13:48:44	3289
Intuit	ml	mal	ഇന്റുഇറ്റ്	2008-11-08	18:33:57	3440
Intuit	de	deu	Intuit	2007-01-29	20:06:25	2411
Intuit	id	msa	Intuit	2012-01-13	09:45:02	4281
Marvell Technology Group	fr	fra	Marvell Technology Group	2007-11-26	20:38:34	3510
Marvell Technology Group	en	eng	Marvell Technology Group	2006-05-24	19:13:07	9479
Marvell Technology Group	zh	zho	迈威尔科技	2007-11-15	08:19:33	4452
Marvell Technology Group	pt	por	Marvell Technology Group	2012-03-22	02:57:34	505
Marvell Technology Group	de	deu	Marvell Technology Group	2007-12-06	11:23:32	4240
Marvell Technology Group	ko	kor	마벨 테크놀로지 그룹	2010-02-17	02:55:43	1556
Marvell Technology Group	it	ita	Marvell Technology Group	2006-12-01	14:10:21	2202
Marvell Technology Group	id	msa	Marvell Technology Group	2012-09-19	16:38:48	3846
Marvell Technology Group	ja	jpn	Marvell	2009-10-20	09:59:04	13400
IDEO	fr	fra	IDEO (design)	2005-07-13	20:06:35	667
IDEO	en	eng	IDEO	2003-07-13	05:02:45	6342
IDEO	zh	zho	IDEO	2005-04-15	08:58:33	2692
IDEO	de	deu	IDEO	2008-07-18	13:40:53	9187
IDEO	ko	kor	아이데오	2011-03-27	10:06:22	4088
IDEO	sv	swe	Ideo	2010-10-11	08:04:58	2579
IDEO	ja	jpn	IDEO	2008-09-15	15:09:26	6324
IDEO	ta	tam	ஐடியோ	2009-10-30	00:16:51	901
Dentsu	ru	rus	Dentsu	2009-10-02	14:16:54	2520
Dentsu	fr	fra	Dentsu	2008-05-02	05:08:03	3071
Dentsu	en	eng	Dentsu	2005-12-19	11:52:11	7915
Dentsu	zh	zho	电通	2005-07-03	06:17:28	4168
Dentsu	pt	por	Dentsu	2009-12-27	17:52:12	5375
Dentsu	de	deu	Dentsū	2006-02-26	23:28:49	5109
Dentsu	ko	kor	덴쓰	2009-10-26	13:53:30	856
Dentsu	sv	swe	Dentsu	2008-03-24	17:58:38	559
Dentsu	id	msa	Dentsu	2012-10-10	13:17:26	2850
Dentsu	tl	fil	Dentsu	2010-11-21	07:13:24	258
Dentsu	ro	ron	Dentsu	2009-05-02	14:16:01	751
Dentsu	ja	jpn	電通	2004-03-31	11:59:43	38800
ESPN	en	eng	ESPN	2002-08-30	05:37:05	19846
ESPN	zh	zho	ESPN	2005-04-19	11:30:48	10191
ESPN	vi	vie	ESPN	2008-01-07	09:44:11	5284
ESPN	ca	cat	ESPN	2005-10-26	14:02:44	1165
ESPN	it	ita	ESPN	2007-10-12	03:23:29	21245
ESPN	ar	ara	إي إس بي إن	2011-11-14	00:08:58	3270
ESPN	gl	glg	ESPN	2011-01-07	14:55:23	757
ESPN	id	msa	ESPN	2007-12-02	04:26:29	3960
ESPN	es	spa	ESPN	2005-06-01	23:34:09	10436
ESPN	ru	rus	ESPN	2007-08-03	10:13:55	6137
ESPN	nl	nld	ESPN	2005-07-10	09:51:48	2357
ESPN	pt	por	ESPN	2005-08-02	13:50:05	26814
ESPN	no	nor	ESPN	2009-05-01	11:39:47	2115
ESPN	tr	tur	ESPN	2009-03-23	10:58:55	3015
ESPN	lv	lav	ESPN	2010-12-27	15:51:44	2353
ESPN	tl	fil	ESPN	2005-11-10	01:26:09	1329
ESPN	th	tha	อีเอสพีเอ็น	2008-12-11	11:27:14	45901
ESPN	pl	pol	ESPN	2007-08-08	07:01:46	2542
ESPN	ta	tam	ஈஎஸ்பிஎன்	2008-10-23	06:12:16	4081
ESPN	fr	fra	ESPN (chaîne américaine)	2006-04-27	06:13:49	7952
ESPN	ms	msa	ESPN	2007-12-16	17:41:30	2414
ESPN	mr	mar	ईएसपीएन	2007-09-21	08:31:48	1671
ESPN	de	deu	ESPN	2005-06-22	09:40:31	4769
ESPN	da	dan	ESPN	2010-06-14	08:57:58	3757
ESPN	fa	fas	ای‌اس‌پی‌ان	2010-01-05	20:35:46	1847
ESPN	fi	fin	ESPN	2005-11-03	14:51:49	2686
ESPN	ja	jpn	ESPN	2006-05-06	00:29:35	7986
ESPN	he	heb	ESPN	2008-03-17	22:06:14	4796
ESPN	ko	kor	ESPN	2008-02-10	21:55:30	3948
ESPN	sv	swe	ESPN	2006-04-22	00:33:35	6280
ESPN	uk	ukr	ESPN	2010-06-22	20:05:26	3196
ESPN	sl	slv	ESPN	2005-07-22	09:39:13	1799
Toppan	fr	fra	Toppan Printing	2007-11-30	21:31:47	1665
Toppan	en	eng	Toppan	2010-11-11	20:22:47	671
Toppan	zh	zho	凸版印刷 (公司)	2007-06-28	04:31:25	9327
Toppan	ja	jpn	凸版印刷	2004-10-15	18:17:19	12323
Culture Convenience Club	en	eng	Culture Convenience Club	2010-06-13	03:56:16	3291
Culture Convenience Club	zh	zho	Culture Convenience Club	2011-03-01	03:10:51	5102
Culture Convenience Club	ja	jpn	カルチュア・コンビニエンス・クラブ	2004-03-20	13:50:06	33484
Sberbank	sah	sah	Сбербанк	2011-01-15	13:13:34	1961
Sberbank	zh	zho	俄罗斯联邦储蓄银行	2009-09-11	12:15:27	2748
Sberbank	vi	vie	Sberbank	2012-09-19	09:50:15	2216
Sberbank	it	ita	Sberbank	2007-06-06	09:33:15	2339
Sberbank	en	eng	Sberbank	2004-03-16	11:02:24	16757
Sberbank	cs	ces	Sberbank	2009-05-31	01:32:03	3189
Sberbank	et	est	Sberbank	2008-10-28	21:12:59	1245
Sberbank	cv	chv	Раççей Перекет банкĕ	2008-09-21	19:37:34	2072
Sberbank	es	spa	Sberbank	2011-01-13	19:24:53	5216
Sberbank	ru	rus	Сбербанк России	2006-02-10	14:46:03	55082
Sberbank	nl	nld	Sberbank	2008-08-19	22:04:39	1700
Sberbank	pt	por	Sberbank	2011-09-16	17:05:38	1260
Sberbank	lt	lit	Sberbank	2011-05-25	16:43:16	1140
Sberbank	ro	ron	Sberbank	2010-06-27	21:09:05	1704
Sberbank	pl	pol	Sbierbank Rossii	2012-09-13	21:28:32	1352
Sberbank	fr	fra	Sberbank	2007-11-29	18:58:33	3027
Sberbank	de	deu	Sberbank	2006-09-24	06:49:53	5208
Sberbank	fi	fin	Sberbank	2007-06-27	15:28:33	4328
Sberbank	ja	jpn	ロシア貯蓄銀行	2007-12-04	01:42:24	2250
Sberbank	he	heb	סברבנק	2006-09-21	18:17:15	2356
Sberbank	sv	swe	Sberbank	2009-05-30	09:06:57	2034
Sberbank	uk	ukr	Сбербанк Росії	2009-08-02	07:24:16	10381
NEC	en	eng	NEC	2003-11-30	17:17:05	26990
NEC	zh	zho	日本電氣	2004-04-12	14:36:41	16449
NEC	vi	vie	NEC	2008-05-23	06:03:43	2725
NEC	ca	cat	NEC Corporation	2010-10-21	14:07:13	3424
NEC	fr	fra	NEC	2005-01-16	00:15:09	9576
NEC	ar	ara	إن إي سي	2008-07-02	15:54:22	7316
NEC	et	est	NEC	2010-12-01	07:57:39	1100
NEC	id	msa	NEC	2005-09-24	03:13:43	4424
NEC	es	spa	NEC Corporation	2005-12-17	14:23:45	4264
NEC	ru	rus	NEC	2006-06-16	06:38:39	5552
NEC	nl	nld	NEC Corporation	2005-10-05	11:25:30	2202
NEC	pt	por	NEC Corporation	2006-07-29	17:29:55	2796
NEC	no	nor	NEC Corporation	2005-03-31	14:48:11	1489
NEC	tr	tur	NEC	2008-08-05	20:39:49	3012
NEC	lt	lit	NEC	2012-01-26	19:13:44	2964
NEC	ro	ron	NEC	2008-06-14	06:38:44	2261
NEC	pl	pol	NEC Corporation	2005-03-25	11:40:35	3731
NEC	kaa	kaa	NEC	2008-09-14	09:03:05	2036
NEC	hr	hbs	NEC	2006-01-20	12:01:11	1701
NEC	bn	ben	এনইসি	2006-11-04	09:40:04	1393
NEC	de	deu	NEC Corporation	2004-09-13	11:19:51	7095
NEC	it	ita	NEC Corporation	2006-05-13	13:04:39	5196
NEC	fa	fas	ان‌ای‌سی	2008-05-26	17:56:41	2797
NEC	bs	hbs	NEC	2006-05-05	07:08:52	1668
NEC	fi	fin	NEC	2012-08-19	17:22:39	1099
NEC	da	dan	NEC	2009-03-01	11:12:35	778
NEC	ja	jpn	日本電気	2003-02-17	06:29:21	55715
NEC	ckb	kur	ئێن ئی سی	2012-07-19	21:07:00	1006
NEC	ml	mal	നിപ്പോൺ ഇലക്ട്രിക് കോർപ്പറേഷൻ	2012-07-19	06:13:08	6828
NEC	ko	kor	닛폰 전기	2007-11-11	12:13:33	31834
NEC	sv	swe	NEC	2006-06-28	21:35:31	1684
NEC	sh	hbs	NEC	2007-05-16	12:00:08	1783
NEC	uk	ukr	NEC	2007-11-19	08:45:56	2958
Denso	fr	fra	Denso Corporation	2007-11-17	15:05:18	2811
Denso	en	eng	Denso	2005-11-01	22:05:28	5920
Denso	nl	nld	Denso	2008-01-15	09:52:34	2141
Denso	pt	por	Denso	2010-03-23	13:15:08	2340
Denso	af	afr	DENSO Corporation	2008-03-27	02:10:30	1607
Denso	de	deu	Denso	2006-02-12	21:54:35	5674
Denso	it	ita	Denso	2010-08-04	17:39:13	3903
Denso	hu	hun	DENSO	2009-05-09	21:56:39	1794
Denso	ar	ara	دنسو	2009-02-23	13:59:45	2027
Denso	zh	zho	電裝	2005-10-05	19:45:57	794
Denso	ja	jpn	デンソー	2004-10-30	15:02:54	13018
Denso	pl	pol	Denso Corporation	2007-12-03	08:14:06	1523
Gibson Guitar Corporation	en	eng	Gibson Guitar Corporation	2003-03-23	22:00:01	36094
Gibson Guitar Corporation	zh	zho	吉普森結他公司	2008-04-14	06:10:26	2512
Gibson Guitar Corporation	ca	cat	Gibson	2011-06-03	07:27:28	7603
Gibson Guitar Corporation	it	ita	Gibson Guitar Corporation	2005-06-27	21:21:47	7373
Gibson Guitar Corporation	ar	ara	غيبسون	2007-08-13	19:14:20	1222
Gibson Guitar Corporation	cs	ces	Gibson Guitar Corporation	2008-07-16	20:45:50	2904
Gibson Guitar Corporation	gl	glg	Gibson	2012-03-28	07:31:42	3348
Gibson Guitar Corporation	es	spa	Gibson Guitar Corporation	2006-04-26	09:31:30	9513
Gibson Guitar Corporation	ru	rus	Gibson	2007-02-26	13:02:30	25630
Gibson Guitar Corporation	nl	nld	Gibson Guitar Corporation	2004-03-08	12:47:17	12769
Gibson Guitar Corporation	pt	por	Gibson	2005-01-12	03:44:03	28198
Gibson Guitar Corporation	no	nor	Gibson Guitar Corporation	2006-10-17	14:09:27	5012
Gibson Guitar Corporation	tr	tur	Gibson	2005-12-18	21:54:17	1844
Gibson Guitar Corporation	th	tha	กิบซัน	2008-10-27	15:33:19	2055
Gibson Guitar Corporation	pl	pol	Gibson Guitar Corporation	2006-07-15	01:33:26	6634
Gibson Guitar Corporation	fr	fra	Gibson Guitar Corporation	2005-04-10	13:41:28	11516
Gibson Guitar Corporation	bg	bul	Гибсън Корпорейшън	2010-08-03	07:55:31	15665
Gibson Guitar Corporation	hr	hbs	Gibson Guitar Corporation	2007-08-28	10:59:59	3713
Gibson Guitar Corporation	de	deu	Gibson Guitar Corporation	2003-11-08	18:25:00	35313
Gibson Guitar Corporation	da	dan	Gibson	2005-03-11	12:11:23	5307
Gibson Guitar Corporation	fa	fas	شرکت گیتار گیبسون	2009-04-26	09:48:12	6113
Gibson Guitar Corporation	fi	fin	Gibson Guitar Corporation	2005-02-23	18:31:13	7097
Gibson Guitar Corporation	hu	hun	Gibson Guitar Corporation	2009-02-20	22:06:09	8721
Gibson Guitar Corporation	ja	jpn	ギブソン (楽器メーカー)	2005-04-16	14:26:38	22282
Gibson Guitar Corporation	he	heb	גיבסון (חברה)	2006-05-20	15:59:59	5798
Gibson Guitar Corporation	nn	nor	Gibson Guitar Corporation	2007-08-06	06:35:27	1864
Gibson Guitar Corporation	ko	kor	깁슨 (기업)	2011-05-25	05:08:21	4907
Gibson Guitar Corporation	sv	swe	Gibson	2004-04-10	01:31:40	5856
Gibson Guitar Corporation	sk	slk	Gibson Guitar Corporation	2010-12-24	14:00:13	3950
Gibson Guitar Corporation	uk	ukr	Gibson	2010-04-27	03:42:47	3529
BT	eo	epo	Bt	2005-11-22	13:12:56	549
BT	en	eng	BT	2002-09-06	13:59:44	4110
BT	zh	zho	BT	2004-07-27	07:51:10	1791
BT	ko	kor	BT	2005-05-25	11:29:32	601
BT	is	isl	BT	2006-11-09	00:10:23	538
BT	it	ita	BT	2004-10-01	23:52:57	2274
BT	cs	ces	BT	2005-07-14	16:01:28	1264
BT	id	msa	BT	2007-01-27	13:36:24	662
BT	es	spa	BT	2008-01-19	12:02:59	1297
BT	ru	rus	BT	2008-03-13	23:24:03	2222
BT	nl	nld	BT	2006-08-20	20:27:58	976
BT	pt	por	BT	2007-10-06	04:22:11	1107
BT	no	nor	BT	2005-09-02	09:16:23	951
BT	tr	tur	BT	2008-01-10	16:24:26	416
BT	lv	lav	BT	2008-09-03	14:19:57	410
BT	lt	lit	BT	2009-07-15	08:06:12	974
BT	th	tha	บีที	2009-06-12	06:22:45	1334
BT	ro	ron	BT	2008-06-08	20:39:35	862
BT	pl	pol	BT	2008-11-11	23:36:38	1059
BT	fr	fra	BT	2004-01-01	15:19:46	2366
BT	de	deu	BT	2003-08-15	15:16:52	3125
BT	da	dan	BT (flertydig)	2009-02-21	23:14:48	737
BT	fa	fas	BT	2010-09-04	17:18:07	641
BT	fi	fin	Bt	2007-03-11	14:09:25	893
BT	ja	jpn	BT	2004-06-01	07:17:33	3258
BT	sw	swa	BT	2010-08-27	19:44:24	620
BT	sv	swe	BT	2005-04-28	17:50:51	1076
BT	sk	slk	BT	2007-08-27	11:46:18	870
BT	sl	slv	BT	2005-06-27	20:11:28	712
Huawei	sah	sah	Huawei	2009-03-04	11:24:10	927
Huawei	zh	zho	华为	2003-08-09	14:18:59	13443
Huawei	pms	pms	Huawei	2011-05-12	20:33:54	1710
Huawei	vi	vie	Hoa Vi	2011-07-31	10:51:42	6627
Huawei	it	ita	Huawei	2006-09-29	12:39:40	5326
Huawei	ar	ara	هواوي	2008-08-04	16:57:59	3787
Huawei	cs	ces	Huawei	2009-12-08	07:59:23	7112
Huawei	et	est	Huawei	2011-01-10	16:58:40	1373
Huawei	gl	glg	Huawei	2012-03-02	15:14:13	4348
Huawei	id	msa	Huawei	2008-10-04	11:49:15	2873
Huawei	es	spa	Huawei	2006-01-22	17:51:09	18443
Huawei	ru	rus	Huawei	2007-11-20	14:18:31	28503
Huawei	nl	nld	Huawei	2005-03-09	00:30:03	2562
Huawei	pt	por	Huawei	2011-09-03	15:02:24	2909
Huawei	no	nor	Huawei	2006-12-15	17:24:20	1510
Huawei	en	eng	Huawei	2003-08-07	03:39:30	79322
Huawei	th	tha	หัวเว่ย	2011-06-04	03:05:55	7189
Huawei	ro	ron	Huawei	2010-10-14	07:33:23	3258
Huawei	pl	pol	Huawei	2006-07-03	17:23:18	4393
Huawei	fr	fra	Huawei Technologies	2005-06-28	22:08:14	24577
Huawei	bg	bul	Хуауей	2005-02-10	15:32:36	1679
Huawei	de	deu	Huawei	2005-08-30	12:21:36	9002
Huawei	da	dan	Huawei	2011-11-12	22:53:09	5657
Huawei	fa	fas	هواوی	2011-11-05	09:36:35	3203
Huawei	fi	fin	Huawei	2009-07-16	16:59:43	13609
Huawei	ja	jpn	華為技術	2006-07-03	23:00:51	19015
Huawei	he	heb	Huawei	2011-02-15	23:53:59	4984
Huawei	ko	kor	화웨이	2010-04-23	11:01:14	3218
Huawei	sv	swe	Huawei	2005-12-19	08:27:17	4661
Huawei	uk	ukr	Huawei	2011-09-21	09:42:48	7911
Hisense	en	eng	Hisense	2006-01-02	08:12:09	30633
Hisense	zh	zho	海信集团	2008-05-14	00:34:46	2837
Hisense	no	nor	Hisense	2010-01-24	21:06:48	1260
Hisense	sr	hbs	Хајсенс	2006-10-22	23:16:18	1026
Hisense	it	ita	Hisense	2011-12-01	12:16:44	2767
Hisense	fi	fin	Hisense	2008-01-13	12:22:46	719
Hisense	ja	jpn	海信	2010-03-08	04:33:34	1463
Hisense	he	heb	Hisense	2009-09-14	07:21:55	1955
News Corporation	eo	epo	News Corporation	2010-03-06	10:05:59	2301
News Corporation	en	eng	News Corporation	2002-10-20	00:15:26	55302
News Corporation	zh	zho	新闻集团	2005-07-11	12:23:04	20448
News Corporation	vi	vie	News Corporation	2011-06-18	13:45:40	10268
News Corporation	is	isl	News Corporation	2008-06-12	11:00:44	2001
News Corporation	it	ita	News Corporation	2007-03-18	13:27:22	16369
News Corporation	ar	ara	نيوز كوربوريشن	2010-06-15	12:09:51	7448
News Corporation	et	est	News Corporation	2011-11-15	11:05:04	2857
News Corporation	id	msa	News Corporation	2008-11-02	02:46:25	3982
News Corporation	es	spa	News Corporation	2006-11-18	01:29:18	22717
News Corporation	ru	rus	News Corporation	2007-05-03	10:02:02	7268
News Corporation	nl	nld	News Corporation	2004-12-29	09:49:22	9660
News Corporation	pt	por	News Corporation	2006-08-21	03:39:44	22003
News Corporation	no	nor	News Corporation	2005-01-26	01:25:43	11751
News Corporation	tr	tur	News Corporation	2007-02-04	03:51:57	4912
News Corporation	th	tha	นิวส์คอร์ปอเรชัน	2008-12-31	04:38:19	3892
News Corporation	ro	ron	News Corporation	2007-09-21	20:59:11	3497
News Corporation	ca	cat	News Corporation	2007-03-21	01:11:37	1841
News Corporation	pl	pol	News Corporation	2005-12-29	20:22:49	11242
News Corporation	ta	tam	நியூசு கார்ப்பரேசன்	2008-09-25	01:48:06	4271
News Corporation	be	bel	News Corporation	2012-05-11	03:59:23	6244
News Corporation	fr	fra	News Corporation	2004-02-08	21:05:34	14980
News Corporation	bg	bul	Нюз Корпърейшън	2010-11-04	14:59:23	2273
News Corporation	de	deu	News Corporation	2004-07-20	16:35:01	17832
News Corporation	da	dan	News Corporation	2007-08-01	17:18:29	2534
News Corporation	fa	fas	نیوز کورپوریشن	2011-04-24	21:54:57	3760
News Corporation	fi	fin	News Corporation	2006-06-26	09:50:35	4290
News Corporation	hu	hun	News Corporation	2011-08-06	20:38:25	2969
News Corporation	ja	jpn	ニューズ・コーポレーション	2004-10-13	15:32:49	23535
News Corporation	he	heb	ניוז קורפ	2012-08-09	11:14:57	7298
News Corporation	ckb	kur	نیوز کۆرپۆرەیشن	2012-07-25	09:57:58	1490
News Corporation	kk	kaz	News Corporation	2011-10-06	06:58:20	2145
News Corporation	sr	hbs	Њуз корпорејшон	2006-05-15	05:32:25	4382
News Corporation	sq	sqi	News Corporation	2006-12-10	03:48:09	2228
News Corporation	ko	kor	뉴스 코퍼레이션	2008-01-25	04:21:31	5835
News Corporation	sv	swe	News Corporation	2006-08-19	01:25:35	8212
News Corporation	sh	hbs	News Corporation	2011-07-07	20:22:45	3212
News Corporation	ms	msa	News Corporation	2008-01-26	04:59:44	23711
KT Corporation	ru	rus	KT Corporation	2010-11-26	09:57:23	21171
KT Corporation	fr	fra	KT (Télécommunication)	2011-05-07	19:32:00	2759
KT Corporation	en	eng	KT Corporation	2005-11-05	07:39:57	25590
KT Corporation	zh	zho	韩国通信	2010-11-22	10:11:17	7639
KT Corporation	de	deu	Korea Telecom	2008-07-22	06:53:15	1277
KT Corporation	ko	kor	KT	2005-05-25	15:21:20	31926
KT Corporation	hu	hun	Korea Telecom	2010-09-23	17:48:57	1666
KT Corporation	ja	jpn	KT (通信企業)	2004-10-19	11:29:11	3972
KT Corporation	es	spa	Korea Telecom	2006-12-13	19:41:56	11812
Best Buy	ru	rus	Best Buy	2007-08-24	04:10:36	4223
Best Buy	fr	fra	Best Buy	2007-10-21	12:32:32	928
Best Buy	en	eng	Best Buy	2003-11-02	08:12:32	54461
Best Buy	zh	zho	百思买	2008-03-06	02:05:28	4263
Best Buy	de	deu	Best Buy	2007-05-23	22:11:36	4771
Best Buy	ko	kor	베스트 바이	2005-11-27	06:03:24	1564
Best Buy	it	ita	Best Buy	2009-04-07	19:03:04	1978
Best Buy	sv	swe	Best Buy	2009-12-21	18:12:08	1134
Best Buy	fa	fas	بست بای	2008-01-17	19:30:23	1987
Best Buy	cs	ces	Best Buy	2010-05-09	14:17:38	1049
Best Buy	ja	jpn	ベスト・バイ	2007-12-26	06:26:33	3023
Best Buy	es	spa	Best Buy	2008-12-14	04:18:46	7684
Asahi Broadcasting Corporation	fr	fra	Asahi Broadcasting Corporation	2010-06-02	10:21:00	6957
Asahi Broadcasting Corporation	en	eng	Asahi Broadcasting Corporation	2004-12-23	14:07:41	14127
Asahi Broadcasting Corporation	zh	zho	朝日放送	2007-03-08	07:40:35	7047
Asahi Broadcasting Corporation	ko	kor	아사히 방송	2007-08-26	08:36:45	14973
Asahi Broadcasting Corporation	it	ita	Asahi Broadcasting Corporation	2011-10-31	15:21:19	6093
Asahi Broadcasting Corporation	ja	jpn	朝日放送	2003-09-07	05:23:38	71336
Deloitte	en	eng	Deloitte	2004-04-09	18:21:08	29106
Deloitte	zh	zho	德勤	2006-10-26	02:14:18	9941
Deloitte	it	ita	Deloitte	2008-05-17	12:49:26	5517
Deloitte	ar	ara	ديلويت توش توهماتسو	2011-03-11	22:13:48	2926
Deloitte	cs	ces	Deloitte	2007-05-28	18:55:58	3859
Deloitte	id	msa	Deloitte Touche Tohmatsu	2006-03-29	07:48:46	3662
Deloitte	es	spa	Deloitte	2005-04-13	21:31:26	12047
Deloitte	ru	rus	Deloitte Touche Tohmatsu	2006-01-31	00:56:08	8312
Deloitte	nl	nld	Deloitte Touche Tohmatsu	2006-02-25	05:02:48	1892
Deloitte	pt	por	Deloitte	2007-01-07	19:36:33	5135
Deloitte	no	nor	Deloitte	2009-01-15	14:48:24	5446
Deloitte	tr	tur	Deloitte Touche Tohmatsu	2007-10-12	16:34:21	14371
Deloitte	lt	lit	Deloitte	2011-03-05	20:59:43	3106
Deloitte	th	tha	ดีลอยต์ทูชโทมัตสุ	2011-11-29	08:28:55	12661
Deloitte	ro	ron	Deloitte Touche Tohmatsu	2008-05-30	04:38:16	2213
Deloitte	pl	pol	Deloitte	2007-08-19	18:19:38	6065
Deloitte	ta	tam	டெலாய்ட்	2011-11-29	07:06:31	3209
Deloitte	fr	fra	Deloitte Touche Tohmatsu	2005-08-26	07:37:19	17239
Deloitte	de	deu	Deloitte	2006-02-08	18:31:43	8027
Deloitte	da	dan	Deloitte	2008-06-05	19:42:50	2533
Deloitte	fa	fas	دیلویت	2011-05-26	17:04:01	3369
Deloitte	fi	fin	Deloitte Touche Tohmatsu	2007-08-26	17:16:48	2939
Deloitte	ja	jpn	デロイト トウシュ トーマツ	2005-10-29	13:03:47	7151
Deloitte	he	heb	דלויט טוש טומטצו	2008-09-30	06:05:54	10517
Deloitte	ckb	kur	دیلۆیت	2012-07-19	20:30:11	1287
Deloitte	uz	uzb	Deloitte Touche Tohmatsu	2007-11-02	17:21:50	4390
Deloitte	sv	swe	Deloitte	2006-07-16	10:53:40	6159
Deloitte	uk	ukr	Делойт	2009-04-28	10:20:35	7378
Sensormatic	en	eng	Sensormatic	2006-01-26	03:08:35	1616
The Lego Group	en	eng	The Lego Group	2005-07-03	01:00:41	12113
The Lego Group	nl	nld	LEGO Group	2007-12-01	11:02:41	1265
The Lego Group	ko	kor	레고 그룹	2008-06-13	14:23:57	2747
The Lego Group	hu	hun	Lego Group	2008-07-07	11:12:52	1023
The Lego Group	ar	ara	ليغو غروب	2008-09-23	18:51:23	2066
The Lego Group	fi	fin	LEGO Group	2006-12-30	20:17:11	6396
The Lego Group	zh	zho	樂高集團	2008-03-21	14:23:31	568
The Lego Group	da	dan	LEGO	2003-02-20	10:49:52	7451
Intel	el	ell	Intel Corporation	2009-06-29	13:26:16	4073
Intel	eo	epo	Intel	2004-11-23	18:35:30	4324
Intel	en	eng	Intel	2001-11-05	14:49:56	117044
Intel	zh	zho	英特尔	2004-09-28	10:14:43	49616
Intel	af	afr	Intel	2004-04-23	21:14:18	4109
Intel	vi	vie	Intel	2006-09-21	06:35:58	6604
Intel	ca	cat	Intel	2005-04-01	01:02:03	6287
Intel	gu	guj	ઇન્ટેલ કોર્પોરેશન	2011-06-24	06:51:52	159849
Intel	kn	kan	ಇಂಟೆಲ್ ಕಾರ್ಪೊರೇಶನ್	2011-02-10	11:36:36	168771
Intel	ar	ara	إنتل	2007-11-25	23:52:25	4471
Intel	ml	mal	ഇന്റൽ കോർപ്പറേഷൻ	2008-10-07	10:50:10	8574
Intel	ga	gle	Intel	2007-01-26	19:22:23	2725
Intel	cs	ces	Intel	2004-09-26	21:22:26	9639
Intel	et	est	Intel	2010-03-16	14:25:02	20163
Intel	az	aze	Intel	2012-01-03	05:42:23	4830
Intel	id	msa	Intel Corporation	2005-09-26	20:16:05	8868
Intel	es	spa	Intel Corporation	2004-03-15	09:41:53	27372
Intel	ru	rus	Intel	2007-08-13	18:24:17	21031
Intel	gl	glg	Intel Corporation	2005-11-15	20:24:41	5036
Intel	nl	nld	Intel	2003-07-17	07:19:43	5047
Intel	pt	por	Intel Corporation	2003-09-08	18:31:48	8511
Intel	no	nor	Intel	2004-10-17	18:22:48	3756
Intel	tr	tur	Intel	2005-07-04	22:15:20	8999
Intel	lv	lav	Intel Corporation	2007-05-25	10:33:20	2147
Intel	lt	lit	Intel Corporation	2005-08-05	16:22:11	2629
Intel	th	tha	อินเทล	2005-06-14	04:24:39	8651
Intel	ro	ron	Intel	2007-08-29	11:11:20	6437
Intel	is	isl	Intel Corporation	2007-08-18	09:50:23	2342
Intel	pl	pol	Intel	2003-09-29	13:27:19	7144
Intel	ta	tam	இன்டெல்	2010-04-06	06:04:43	166271
Intel	be	bel	Intel	2011-12-08	15:09:37	5314
Intel	fr	fra	Intel	2002-03-03	18:02:44	26448
Intel	bg	bul	Интел	2005-01-19	11:49:33	19921
Intel	mr	mar	इंटेल कॉर्पोरेशन	2008-03-17	11:48:35	5781
Intel	ms	msa	Intel Corporation	2007-05-02	12:34:10	9189
Intel	hr	hbs	Intel	2006-01-10	23:29:04	6606
Intel	bn	ben	ইন্টেল কর্পোরেশন	2005-03-19	20:08:43	86588
Intel	de	deu	Intel	2003-01-03	08:19:11	23645
Intel	pnt	pnt	Intel	2011-01-08	17:57:03	2919
Intel	it	ita	Intel	2003-05-02	22:01:16	8882
Intel	fa	fas	اینتل	2006-01-26	09:31:36	6210
Intel	hi	hin	इंटेल	2006-11-13	19:31:15	4723
Intel	bs	hbs	Intel	2005-11-06	18:30:53	3910
Intel	fi	fin	Intel	2003-11-17	05:55:03	8796
Intel	hy	hye	Ինտել	2007-04-15	09:29:48	5932
Intel	da	dan	Intel	2003-11-26	13:03:56	2416
Intel	ja	jpn	インテル	2003-02-15	03:16:09	47569
Intel	he	heb	אינטל	2004-07-14	18:54:12	27924
Intel	kaa	kaa	Intel	2008-09-13	02:59:38	2974
Intel	ka	kat	Intel	2006-03-22	03:23:36	3094
Intel	te	tel	ఇంటెల్ సంస్థ	2011-02-25	12:18:31	163327
Intel	ckb	kur	ئینتێل	2011-06-01	14:53:56	2302
Intel	kk	kaz	Intel	2011-12-17	17:17:39	9912
Intel	sr	hbs	Интел	2006-05-29	19:33:03	5908
Intel	sq	sqi	Intel Corporation	2010-04-25	20:33:56	5247
Intel	uz	uzb	Intel	2007-12-26	19:33:06	3251
Intel	ko	kor	인텔	2005-04-06	14:59:21	7479
Intel	sv	swe	Intel	2003-02-22	00:58:58	7070
Intel	mk	mkd	Интел	2008-09-29	14:25:54	7807
Intel	sk	slk	Intel	2004-09-08	07:22:25	6232
Intel	ky	kir	Intel	2012-02-17	08:58:07	2063
Intel	si	sin	ඉන්ටෙල්	2009-03-28	14:28:22	7484
Intel	sh	hbs	Intel	2007-04-03	08:41:15	4912
Intel	uk	ukr	Intel Corporation	2006-12-03	16:08:23	44344
Intel	sl	slv	Intel	2006-11-04	08:54:24	7056
Intel	hu	hun	Intel	2004-06-02	13:03:01	9067
Google	sco	sco	Google	2005-10-05	01:25:55	3136
Google	scn	scn	Google	2007-03-25	01:46:54	20884
Google	ga	gle	Google	2007-01-16	16:11:23	4108
Google	gl	glg	Google	2004-10-21	09:21:37	28007
Google	la	lat	Google	2006-01-23	15:10:52	3701
Google	lo	lao	ກູໂກລ	2007-12-24	07:54:23	20325
Google	tt	tat	Google	2004-10-02	13:30:29	5256
Google	tr	tur	Google	2004-07-14	05:54:01	120822
Google	lv	lav	Google	2006-08-20	00:02:37	6476
Google	tl	fil	Google	2005-03-11	06:34:22	6348
Google	vec	vec	Google Inc.	2010-05-17	20:28:54	6533
Google	th	tha	กูเกิล	2005-02-26	12:45:34	49055
Google	te	tel	గూగుల్	2006-04-05	08:17:14	14749
Google	ta	tam	கூகிள்	2006-03-30	15:44:42	11311
Google	yi	yid	גוגל	2006-01-08	22:18:45	7546
Google	xmf	xmf	Google	2011-12-16	08:32:13	3729
Google	ceb	ceb	Google	2008-05-23	03:33:23	7465
Google	yo	yor	Google	2008-10-21	15:42:27	2188
Google	de	deu	Google Inc.	2004-12-16	23:02:02	86485
Google	da	dan	Google	2002-09-22	12:09:16	8233
Google	qu	que	Google	2006-09-12	13:07:04	2504
Google	vls	vls	Google	2006-04-04	14:27:27	4039
Google	bar	bar	Google	2007-08-19	11:28:41	45887
Google	diq	zza	Google	2009-02-19	01:34:10	7725
Google	el	ell	Google	2004-07-05	00:29:22	11327
Google	eo	epo	Google	2002-02-16	04:09:32	8208
Google	en	eng	Google	2004-10-22	20:08:26	114099
Google	zh	zho	Google	2003-07-18	06:42:27	104679
Google	pms	pms	Google	2008-08-13	22:32:43	2899
Google	arz	ara	جوجل	2009-02-20	01:31:01	3023
Google	fr	fra	Google	2002-05-15	09:14:08	107227
Google	eu	eus	Google	2006-05-29	09:39:54	24673
Google	et	est	Google	2005-09-08	20:41:13	8628
Google	es	spa	Google	2003-08-12	21:20:40	39684
Google	ru	rus	Google (компания)	2003-04-29	10:10:35	66083
Google	rn	run	Google	2006-12-29	02:40:01	2666
Google	ro	ron	Google	2004-02-07	08:39:52	12639
Google	dsb	dsb	Google	2007-11-22	13:12:57	2836
Google	bn	ben	গুগল (কোম্পানি)	2006-04-01	21:15:15	100257
Google	hsb	hsb	Google	2008-10-07	18:05:07	2778
Google	be	bel	Google	2010-01-27	15:49:58	9004
Google	bg	bul	Гугъл	2005-01-19	12:02:03	17560
Google	uk	ukr	Google	2006-08-21	23:09:30	29906
Google	wa	wln	Google	2003-07-31	12:15:37	4101
Google	ast	ast	Google	2009-07-02	15:50:56	3445
Google	bm	bam	Gugolu	2010-12-21	21:58:54	2247
Google	jv	jav	Google	2011-04-24	03:44:19	6802
Google	br	bre	Google	2010-02-12	16:51:10	2438
Google	bs	hbs	Google	2006-05-05	11:29:48	6079
Google	ja	jpn	Google	2003-03-06	17:14:34	49693
Google	oc	oci	Google	2009-01-04	00:28:06	4323
Google	nds	nds	Google	2007-02-01	19:19:50	2879
Google	or	ori	ଗୁଗଲ	2010-06-12	15:21:46	5608
Google	ca	cat	Google	2005-11-24	08:23:50	26886
Google	cy	cym	Google	2006-05-16	10:20:26	5448
Google	ang	ang	Google	2010-03-14	13:53:36	8981
Google	cs	ces	Google	2004-09-17	15:38:03	33592
Google	cv	chv	Кукăль (компани)	2009-12-19	20:08:36	9004
Google	ps	pus	ګووګل	2010-09-09	17:18:59	2422
Google	pt	por	Google	2004-05-17	21:09:35	117148
Google	lt	lit	Google	2005-10-29	21:09:36	8722
Google	pa	pan	ਗੂਗਲ	2011-11-13	05:14:33	3292
Google	war	war	Google	2011-07-08	05:30:45	2849
Google	pl	pol	Google	2005-01-28	23:20:27	17316
Google	hr	hbs	Google (tvrtka)	2005-01-02	14:26:48	3556
Google	am	amh	ጉግል	2006-01-01	22:56:56	15444
Google	ht	hat	Google	2007-12-15	17:49:49	2849
Google	hu	hun	Google Inc.	2004-04-07	19:39:28	14716
Google	hi	hin	गूगल	2006-07-10	18:54:40	128256
Google	pnb	lah	گوگل	2009-07-01	04:21:56	4908
Google	he	heb	גוגל (חברה)	2004-08-02	22:44:13	68992
Google	mg	mlg	Google	2009-05-19	16:19:29	6543
Google	uz	uzb	Google	2005-11-25	11:46:19	7913
Google	ml	mal	ഗൂഗിൾ	2006-02-27	17:12:43	15746
Google	mn	mon	Google	2010-10-01	03:41:56	13553
Google	mk	mkd	Google	2009-03-14	18:57:06	5186
Google	ur	urd	گوگل	2008-07-18	11:19:49	14920
Google	ms	msa	Google	2006-11-29	03:36:11	16449
Google	mr	mar	गूगल	2007-02-16	10:32:36	6464
Google	my	mya	ဂူဂယ်	2008-07-07	13:20:07	15660
Google	sah	sah	Google	2008-10-23	15:51:23	4167
Google	af	afr	Google	2008-09-02	11:50:37	3958
Google	vi	vie	Google	2005-04-08	20:10:55	25582
Google	is	isl	Google	2006-02-12	21:36:51	7842
Google	iu	iku	ᒎᒐᓪ	2005-03-09	08:51:58	2219
Google	it	ita	Google Inc.	2007-11-01	14:37:34	14026
Google	kn	kan	ಗೂಗಲ್	2005-05-24	14:43:29	3503
Google	as	asm	গুগল	2012-03-05	19:04:48	10195
Google	ar	ara	جوجل	2004-05-05	04:43:29	93471
Google	km	khm	Google ស្វែងរក	2007-10-31	12:32:06	3311
Google	io	ido	Google	2005-09-17	10:37:24	3121
Google	az	aze	Google (şirkət)	2007-01-09	12:12:17	6672
Google	id	msa	Google	2004-10-15	13:06:49	41651
Google	nl	nld	Google Inc.	2005-06-10	21:51:28	25857
Google	nn	nor	Google	2005-06-15	15:05:16	2819
Google	no	nor	Google	2004-11-11	12:21:47	6906
Google	ne	nep	गुगल	2005-04-11	18:46:51	127808
Google	kab	kab	Google	2008-08-16	17:11:58	2163
Google	kaa	kaa	Google	2008-08-09	03:20:06	4997
Google	fa	fas	گوگل	2004-12-20	20:31:06	153255
Google	fi	fin	Google	2004-05-08	13:43:59	18073
Google	mzn	mzn	گوگل	2012-06-03	06:20:07	4383
Google	fo	fao	Google	2009-10-16	23:18:06	4653
Google	ka	kat	Google	2006-09-26	23:52:35	4723
Google	ckb	kur	گووگڵ	2009-09-30	08:11:58	5646
Google	kk	kaz	Google	2010-06-19	07:43:06	14192
Google	sr	hbs	Гугл	2006-05-25	17:26:43	42503
Google	sq	sqi	Google	2006-08-31	12:08:57	39173
Google	ko	kor	구글	2003-05-17	13:41:48	18617
Google	sv	swe	Google	2003-02-22	00:51:13	18116
Google	su	sun	Google	2011-11-27	07:17:22	5662
Google	sk	slk	Google	2005-08-15	10:24:57	11705
Google	si	sin	ගූගල්	2011-04-30	15:01:53	4672
Google	sh	hbs	Google	2007-04-12	13:56:39	5977
Google	so	som	Google	2009-08-20	10:02:43	2841
Google	ku	kur	Google	2004-08-08	18:18:55	3826
Google	sl	slv	Google	2006-01-19	12:26:43	6642
Google	ky	kir	Google (компания)	2012-06-24	07:30:24	30129
Google	sd	snd	گوگل	2007-07-26	09:53:11	6635
Hearst Corporation	ru	rus	Hearst Corporation	2010-09-28	08:56:55	11528
Hearst Corporation	fr	fra	Hearst Corporation	2004-05-02	09:05:59	9442
Hearst Corporation	en	eng	Hearst Corporation	2002-02-25	15:51:15	16341
Hearst Corporation	nl	nld	Hearst Corporation	2005-08-10	20:40:27	3662
Hearst Corporation	pt	por	Hearst Corporation	2007-12-13	22:56:10	1972
Hearst Corporation	de	deu	Hearst Corporation	2008-02-15	01:04:23	3287
Hearst Corporation	ko	kor	허스트 코퍼레이션	2012-08-25	15:03:36	1045
Hearst Corporation	eo	epo	Hearst Corporation	2012-02-21	20:19:33	1724
Hearst Corporation	it	ita	Hearst Corporation	2009-06-20	10:46:06	1114
Hearst Corporation	ar	ara	شركة هيرست	2011-03-24	13:34:08	1651
Hearst Corporation	id	msa	Hearst Corporation	2011-02-22	10:55:37	6453
Hearst Corporation	zh	zho	赫斯特国际集团	2006-12-15	03:55:27	1125
Hearst Corporation	ro	ron	Hearst Corporation	2008-06-28	05:24:34	1245
Hearst Corporation	ja	jpn	ハースト・コーポレーション	2009-10-18	16:58:06	6625
Hearst Corporation	es	spa	Hearst Corporation	2008-12-13	02:43:11	2085
Samsung Electronics	ru	rus	Samsung Electronics	2005-12-29	10:46:58	24725
Samsung Electronics	fr	fra	Samsung Electronics	2005-05-24	13:55:32	7685
Samsung Electronics	bg	bul	Samsung	2009-08-17	19:53:57	5301
Samsung Electronics	nl	nld	Samsung Electronics	2006-11-14	11:26:47	5212
Samsung Electronics	kk	kaz	Samsung Electronics	2012-05-15	17:04:13	11783
Samsung Electronics	de	deu	Samsung Electronics	2006-09-13	18:42:21	5612
Samsung Electronics	ko	kor	삼성전자	2005-08-01	01:43:18	62416
Samsung Electronics	it	ita	Samsung Electronics	2006-12-07	12:17:54	6958
Samsung Electronics	da	dan	Samsung Electronics	2005-10-11	14:37:20	4034
Samsung Electronics	fa	fas	سامسونگ الکترونیکس	2007-07-12	22:18:37	12574
Samsung Electronics	ar	ara	إلكترونيات سامسونج	2008-03-12	12:20:28	4731
Samsung Electronics	en	eng	Samsung Electronics	2003-07-15	19:17:27	56119
Samsung Electronics	es	spa	Samsung Electronics	2008-12-31	09:25:07	18082
Samsung Electronics	uk	ukr	Samsung Electronics	2008-05-29	13:41:22	19857
Samsung Electronics	et	est	Samsung Electronics	2011-11-28	19:01:30	24248
Samsung Electronics	zh	zho	三星電子	2004-04-11	15:32:01	24820
Samsung Electronics	ja	jpn	サムスン電子	2004-09-10	01:24:44	33093
Samsung Electronics	pl	pol	Samsung Electronics	2006-08-24	10:34:00	4176
Samsung Electronics	ta	tam	சம்சுங் இலக்ட்ரோனிக்ஸ்	2011-07-12	08:35:36	3300
Natura	fr	fra	Natura	2011-03-25	11:21:27	1861
Natura	en	eng	Natura	2005-07-14	18:25:48	5474
Natura	ja	jpn	ナチュラ	2009-09-26	09:00:19	2047
Natura	pt	por	Natura	2006-05-23	20:49:49	5947
EMC Corporation	el	ell	EMC Corporation	2007-12-17	17:15:45	10251
EMC Corporation	fr	fra	EMC Corporation	2007-05-11	08:54:42	4878
EMC Corporation	en	eng	EMC Corporation	2004-03-09	18:32:34	27323
EMC Corporation	zh	zho	EMC	2006-10-21	07:22:01	1006
EMC Corporation	pt	por	EMC Corporation	2009-02-27	21:11:13	3564
EMC Corporation	ckb	kur	ئی ئێم سی	2012-07-28	19:56:32	805
EMC Corporation	kk	kaz	EMC Corporation	2012-03-30	15:24:47	4531
EMC Corporation	vi	vie	EMC Corporation	2008-02-10	02:53:23	10930
EMC Corporation	ca	cat	EMC Corporation	2008-10-31	15:49:33	1013
EMC Corporation	de	deu	EMC Corporation	2004-07-24	08:27:53	7310
EMC Corporation	ko	kor	EMC 코퍼레이션	2008-01-20	06:36:02	1207
EMC Corporation	it	ita	EMC Corporation	2011-03-18	16:09:10	3778
EMC Corporation	id	msa	EMC Corporation	2008-08-02	14:41:50	2460
EMC Corporation	es	spa	EMC Corporation	2008-02-21	15:26:49	11083
EMC Corporation	ru	rus	EMC	2007-02-21	11:21:05	8099
EMC Corporation	gl	glg	EMC Corporation	2011-06-14	13:39:35	3355
EMC Corporation	ja	jpn	EMCコーポレーション	2008-01-27	03:17:03	12945
EMC Corporation	pl	pol	EMC Corporation	2007-08-13	10:52:31	4694
EMC Corporation	he	heb	EMC	2010-05-08	07:45:42	3716
Battelle Memorial Institute	de	deu	Battelle-Institut	2005-03-19	09:57:55	1211
Battelle Memorial Institute	en	eng	Battelle Memorial Institute	2004-03-17	04:59:54	7881
Battelle Memorial Institute	uk	ukr	Battelle Memorial Institute	2011-02-09	00:33:47	6144
Fidelity Investments	fr	fra	Fidelity Investments	2005-06-19	13:58:22	3758
Fidelity Investments	en	eng	Fidelity Investments	2004-01-23	03:58:14	15167
Fidelity Investments	pt	por	Fidelity Investments	2008-12-04	16:22:19	1707
Fidelity Investments	de	deu	Fidelity Investments	2006-05-16	19:21:41	5897
Fidelity Investments	lt	lit	Fidelity Investments	2011-04-16	18:31:17	970
Fidelity Investments	ro	ron	Fidelity Investments	2007-08-30	19:12:20	538
Fidelity Investments	ja	jpn	フィデリティ・インベストメンツ	2008-05-07	04:16:20	3049
Bank of America	en	eng	Bank of America	2003-10-23	09:58:23	91427
Bank of America	zh	zho	美國銀行	2006-06-21	09:34:39	8851
Bank of America	ca	cat	Bank of America	2011-12-01	23:40:27	1822
Bank of America	it	ita	Bank of America	2007-06-27	21:14:45	3587
Bank of America	ar	ara	بنك أوف أمريكا	2008-08-22	16:52:06	5588
Bank of America	cs	ces	Bank of America	2010-08-04	11:10:07	1521
Bank of America	id	msa	Bank of America	2005-03-27	15:34:08	3499
Bank of America	es	spa	Bank of America	2008-01-23	12:40:09	7104
Bank of America	ru	rus	Bank of America	2006-12-04	11:04:24	16124
Bank of America	nl	nld	Bank of America	2007-03-14	19:49:26	6596
Bank of America	pt	por	Bank of America	2006-03-09	16:54:22	2555
Bank of America	lv	lav	Bank of America	2008-05-27	19:25:44	3264
Bank of America	lt	lit	Bank of America	2010-11-14	11:31:15	2366
Bank of America	ro	ron	Bank of America	2007-08-31	13:14:11	2950
Bank of America	war	war	Bank of America	2012-10-05	23:27:01	1028
Bank of America	pl	pol	Bank of America	2006-03-19	20:08:39	3660
Bank of America	be	bel	Bank of America	2011-12-09	18:09:27	5790
Bank of America	fr	fra	Bank of America	2005-09-26	19:57:14	19327
Bank of America	ms	msa	Bank of America	2010-06-24	15:10:12	5855
Bank of America	de	deu	Bank of America	2005-12-19	13:40:23	14011
Bank of America	da	dan	Bank of America	2010-11-23	02:15:59	5335
Bank of America	fa	fas	بنک آو امریکا	2008-12-12	19:47:32	4714
Bank of America	hi	hin	बैंक ऑफ अमेरिका	2010-08-05	10:41:40	118269
Bank of America	fi	fin	Bank of America	2006-10-21	21:19:53	2535
Bank of America	ja	jpn	バンク・オブ・アメリカ	2004-12-01	14:30:46	19445
Bank of America	he	heb	בנק אוף אמריקה	2011-10-09	20:50:45	9086
Bank of America	uz	uzb	Bank of America	2008-07-18	21:24:44	3271
Bank of America	ko	kor	뱅크 오브 아메리카	2008-10-08	12:13:21	4490
Bank of America	sv	swe	Bank of America	2005-09-17	12:47:09	3235
Bank of America	sk	slk	Bank of America	2007-07-10	07:00:50	1607
Bank of America	uk	ukr	Банк Америки	2007-08-21	20:55:10	3761
AOL	en	eng	AOL	2001-11-07	07:49:36	63506
AOL	zh	zho	美国在线	2004-07-16	09:27:06	3613
AOL	vi	vie	AOL	2007-08-18	07:09:34	1660
AOL	it	ita	AOL	2005-07-11	15:01:58	3846
AOL	kn	kan	ಎಒಎಲ್	2010-07-29	09:06:58	132196
AOL	ar	ara	إيه أو إل	2007-12-20	00:03:39	2112
AOL	cs	ces	AOL	2008-08-18	17:46:11	3051
AOL	id	msa	AOL	2008-02-03	14:14:39	28278
AOL	es	spa	AOL	2005-12-07	20:56:17	25433
AOL	ru	rus	AOL	2007-04-08	10:44:09	4532
AOL	nl	nld	AOL	2004-04-06	18:58:16	3884
AOL	nn	nor	AOL	2009-09-12	00:37:42	1482
AOL	no	nor	AOL	2005-01-26	03:07:05	1388
AOL	tr	tur	AOL	2005-10-28	18:48:42	1433
AOL	lt	lit	AOL	2006-05-02	17:11:18	1284
AOL	th	tha	เอโอแอล	2007-03-17	12:55:29	2863
AOL	ro	ron	AOL	2007-09-21	20:56:04	1580
AOL	pl	pol	AOL	2003-07-22	13:35:10	5144
AOL	be	bel	AOL	2012-09-21	12:05:59	4457
AOL	fr	fra	America Online	2002-09-13	17:59:26	13001
AOL	bg	bul	AOL	2011-12-04	14:06:22	5532
AOL	de	deu	AOL	2003-06-29	18:23:28	25893
AOL	da	dan	AOL (internet)	2007-03-09	22:17:46	1047
AOL	fa	fas	ای‌.او‌ال	2011-03-15	05:10:07	3135
AOL	hi	hin	एओऍल	2010-07-29	12:17:18	118882
AOL	fi	fin	AOL	2006-06-19	06:25:29	1862
AOL	hu	hun	America Online	2005-08-07	23:42:21	12634
AOL	ja	jpn	AOL	2004-11-16	09:12:58	10067
AOL	he	heb	אמריקה און ליין	2010-05-12	16:29:35	7132
AOL	ka	kat	AOL	2008-10-16	16:16:33	2730
AOL	te	tel	AOL(ఎవోఎల్)	2010-08-25	06:59:42	128690
AOL	pt	por	AOL	2004-09-05	00:57:04	12564
AOL	uz	uzb	AOL	2008-04-10	15:57:32	937
AOL	ko	kor	AOL	2007-09-05	05:57:43	1141
AOL	sv	swe	America Online	2004-06-29	20:59:22	1707
AOL	uk	ukr	AOL	2010-03-25	15:10:13	5723
AOL	sl	slv	AOL	2007-04-03	15:36:24	2136
Yamaha Corporation	eo	epo	Yamaha Corporation	2009-05-17	11:58:43	2353
Yamaha Corporation	en	eng	Yamaha Corporation	2003-08-31	08:22:35	13608
Yamaha Corporation	zh	zho	山葉株式會社	2006-03-30	15:44:53	6516
Yamaha Corporation	vi	vie	Yamaha	2008-07-03	14:13:16	2828
Yamaha Corporation	ca	cat	Yamaha Corporation	2005-07-12	10:42:03	2664
Yamaha Corporation	it	ita	Yamaha Corporation	2007-05-21	17:49:02	3826
Yamaha Corporation	ar	ara	شركة ياماها	2008-07-22	08:10:24	4741
Yamaha Corporation	cs	ces	Yamaha	2009-06-19	16:35:37	1736
Yamaha Corporation	id	msa	Yamaha	2005-05-22	18:19:02	5241
Yamaha Corporation	es	spa	Yamaha Corporation	2005-07-27	14:13:18	10246
Yamaha Corporation	ru	rus	Yamaha	2007-06-14	07:28:35	34258
Yamaha Corporation	nl	nld	Yamaha Corporation	2006-06-08	21:47:38	2345
Yamaha Corporation	pt	por	Yamaha	2006-02-16	03:52:21	8577
Yamaha Corporation	no	nor	Yamaha	2008-08-10	22:09:12	1971
Yamaha Corporation	tr	tur	Yamaha	2006-12-31	01:22:02	1948
Yamaha Corporation	lt	lit	Yamaha Corporation	2011-09-21	16:03:06	3481
Yamaha Corporation	th	tha	ยามาฮ่า	2009-05-29	12:37:05	3519
Yamaha Corporation	ro	ron	Yamaha	2006-11-29	22:22:59	2805
Yamaha Corporation	pl	pol	Yamaha	2004-09-26	15:16:22	3338
Yamaha Corporation	fr	fra	Yamaha	2004-12-27	15:15:03	18150
Yamaha Corporation	ms	msa	Yamaha	2006-02-22	07:53:47	2263
Yamaha Corporation	hr	hbs	Yamaha	2011-04-14	10:18:30	1190
Yamaha Corporation	de	deu	Yamaha Corporation	2004-03-09	11:09:26	10076
Yamaha Corporation	ko	kor	야마하	2008-04-25	03:10:41	5511
Yamaha Corporation	da	dan	Yamaha	2005-04-19	08:45:10	1278
Yamaha Corporation	fa	fas	شرکت یاماها	2010-01-14	11:57:45	1882
Yamaha Corporation	fi	fin	Yamaha	2005-11-28	00:19:24	3915
Yamaha Corporation	hu	hun	Yamaha	2008-03-15	23:09:05	3685
Yamaha Corporation	ja	jpn	ヤマハ	2004-02-29	10:56:11	55256
Yamaha Corporation	he	heb	ימאהה	2006-07-04	09:29:31	3327
Yamaha Corporation	te	tel	యమహా	2011-10-31	12:12:00	3768
Yamaha Corporation	oc	oci	Yamaha	2009-09-23	09:16:44	1640
Yamaha Corporation	sv	swe	Yamaha Corporation	2005-04-11	17:13:28	3223
Yamaha Corporation	mk	mkd	Yamaha	2008-11-05	23:22:46	1879
Yamaha Corporation	sco	sco	Yamaha	2010-09-26	07:51:06	1935
Yamaha Corporation	sk	slk	Jamaha	2009-10-20	19:24:29	1546
Yamaha Corporation	uk	ukr	Yamaha	2007-08-21	08:50:17	20011
Volkswagen	eo	epo	Volkswagen	2006-11-22	21:25:22	1838
Volkswagen	en	eng	Volkswagen	2001-05-03	22:41:23	96496
Volkswagen	zh	zho	大众汽车	2004-05-03	07:08:00	18673
Volkswagen	wuu	zho	大众汽车	2008-12-07	08:18:08	6819
Volkswagen	af	afr	Volkswagen	2009-11-28	22:08:14	1766
Volkswagen	vi	vie	Volkswagen	2007-03-22	13:13:04	8417
Volkswagen	ca	cat	Volkswagen	2005-06-17	01:36:40	14997
Volkswagen	it	ita	Volkswagen	2012-03-01	16:54:59	12548
Volkswagen	cs	ces	Volkswagen	2006-10-16	17:55:37	17227
Volkswagen	cy	cym	Volkswagen	2007-10-28	14:22:03	3630
Volkswagen	ar	ara	فولكس فاجن	2007-09-30	04:58:25	11617
Volkswagen	ug	uig	ئاممىباپ ئاپتوموبىل	2010-02-24	22:14:26	2255
Volkswagen	eu	eus	Volkswagen AG	2010-12-04	19:23:58	3613
Volkswagen	zu	zul	Volkswagen	2010-10-19	13:14:42	1516
Volkswagen	gl	glg	Volkswagen	2004-10-27	22:12:43	8604
Volkswagen	id	msa	Volkswagen	2006-07-19	13:07:17	67696
Volkswagen	es	spa	Volkswagen	2003-11-07	23:00:33	23527
Volkswagen	ru	rus	Volkswagen	2008-11-03	19:16:23	48607
Volkswagen	az	aze	Volkswagen	2009-12-25	15:57:32	50864
Volkswagen	nl	nld	Volkswagen	2003-07-23	19:11:54	23240
Volkswagen	nn	nor	Volkswagen	2007-09-18	15:09:55	5732
Volkswagen	la	lat	Volkswagen	2005-05-05	13:21:44	3421
Volkswagen	pms	pms	Volkswagen	2011-01-20	10:26:09	2296
Volkswagen	tr	tur	Volkswagen	2004-12-11	22:39:32	55581
Volkswagen	lv	lav	Volkswagen	2006-09-24	15:46:59	20749
Volkswagen	lt	lit	Volkswagen	2006-04-01	18:31:57	2294
Volkswagen	th	tha	โฟล์คสวาเกน	2012-03-18	13:43:50	10636
Volkswagen	ro	ron	Volkswagen	2007-02-28	10:50:33	7702
Volkswagen	is	isl	Volkswagen	2010-04-03	23:27:07	2659
Volkswagen	pl	pol	Volkswagen	2004-08-20	21:45:10	11574
Volkswagen	ta	tam	வோல்க்ஸ்வேகன்	2011-08-15	14:14:53	3712
Volkswagen	fr	fra	Volkswagen	2004-03-29	13:17:33	21690
Volkswagen	ms	msa	Volkswagen	2008-11-06	11:47:23	10301
Volkswagen	ast	ast	Volkswagen	2011-08-28	20:59:13	14884
Volkswagen	mr	mar	फोक्सवागन	2008-03-24	06:27:07	5835
Volkswagen	jv	jav	Volkswagen	2008-02-28	21:59:29	3185
Volkswagen	de	deu	Volkswagen	2003-05-30	13:13:25	37860
Volkswagen	ko	kor	폭스바겐	2006-06-03	06:50:53	9864
Volkswagen	da	dan	Volkswagen	2004-09-06	13:30:17	13131
Volkswagen	fa	fas	فولکس‌واگن	2008-02-28	22:56:51	9160
Volkswagen	br	bre	Volkswagen	2011-08-08	13:37:34	5957
Volkswagen	bs	hbs	Volkswagen	2007-02-27	18:29:32	4410
Volkswagen	fi	fin	Volkswagen	2004-09-26	15:20:15	29164
Volkswagen	pnb	lah	فوکس ویگن	2012-04-07	17:53:35	3051
Volkswagen	ja	jpn	フォルクスワーゲン	2004-06-14	22:31:53	40926
Volkswagen	he	heb	פולקסווגן	2004-08-23	13:44:29	15538
Volkswagen	te	tel	వోక్స్ వాగన్	2009-11-25	12:29:46	23632
Volkswagen	pt	por	Volkswagen	2004-10-17	01:28:19	18890
Volkswagen	ckb	kur	فۆلکسڤاگن	2012-06-01	09:24:05	3053
Volkswagen	no	nor	Volkswagen	2004-06-01	20:26:53	10618
Volkswagen	sw	swa	Volkswagen	2011-07-02	10:58:32	5947
Volkswagen	sv	swe	Volkswagen	2003-01-03	18:53:39	27406
Volkswagen	ur	urd	ووکس ویگن	2007-03-16	13:17:19	2081
Volkswagen	sk	slk	Volkswagen	2008-03-14	22:04:59	15802
Volkswagen	sh	hbs	Volkswagen	2011-08-19	18:07:28	3543
Volkswagen	uk	ukr	Volkswagen	2006-04-15	09:26:45	21452
Volkswagen	sl	slv	Volkswagen	2007-07-30	17:46:05	3647
Volkswagen	hu	hun	Volkswagen	2007-08-02	14:17:11	10276
Volkswagen	diq	zza	Volkswagen	2011-09-13	12:17:00	1696
GlaxoSmithKline	eo	epo	GlaxoSmithKline	2009-11-21	21:27:26	4777
GlaxoSmithKline	en	eng	GlaxoSmithKline	2003-03-06	15:31:17	53088
GlaxoSmithKline	zh	zho	葛蘭素史克	2004-03-02	18:22:48	7549
GlaxoSmithKline	is	isl	GlaxoSmithKline	2009-12-29	20:55:28	2134
GlaxoSmithKline	it	ita	GlaxoSmithKline	2007-09-19	21:33:13	35753
GlaxoSmithKline	kn	kan	ಗ್ಲಾಕ್ಸೊ ಸ್ಮಿತ್‌ಕ್ಲೈನ್	2011-06-23	11:11:20	90913
GlaxoSmithKline	cs	ces	GlaxoSmithKline	2012-07-04	19:09:28	3304
GlaxoSmithKline	id	msa	GlaxoSmithKline	2007-01-04	14:25:23	1413
GlaxoSmithKline	es	spa	GlaxoSmithKline	2007-01-06	00:49:03	4329
GlaxoSmithKline	ru	rus	GlaxoSmithKline	2006-09-12	10:37:42	34593
GlaxoSmithKline	nl	nld	GlaxoSmithKline	2008-01-03	03:56:34	2615
GlaxoSmithKline	pt	por	GlaxoSmithKline	2006-04-06	22:36:26	5781
GlaxoSmithKline	no	nor	GlaxoSmithKline	2004-10-08	17:39:04	2690
GlaxoSmithKline	ro	ron	GlaxoSmithKline	2007-08-28	20:04:04	3806
GlaxoSmithKline	pl	pol	GlaxoSmithKline	2006-01-05	15:13:48	4975
GlaxoSmithKline	fr	fra	GlaxoSmithKline	2005-09-18	09:01:56	20798
GlaxoSmithKline	de	deu	GlaxoSmithKline	2004-10-28	20:05:38	14918
GlaxoSmithKline	hu	hun	GlaxoSmithKline	2009-11-12	04:06:49	1924
GlaxoSmithKline	hi	hin	ग्लैक्सो स्मिथक्लाइन	2011-04-28	03:43:44	88797
GlaxoSmithKline	fi	fin	GlaxoSmithKline	2007-02-04	16:35:45	7760
GlaxoSmithKline	da	dan	GlaxoSmithKline	2007-04-05	14:01:18	1817
GlaxoSmithKline	ja	jpn	グラクソ・スミスクライン	2004-07-12	06:47:59	16083
GlaxoSmithKline	te	tel	గ్లాక్సో స్మిత్ క్లైన్	2011-05-28	05:39:21	89856
GlaxoSmithKline	nn	nor	GlaxoSmithKline	2005-09-28	18:51:53	1568
GlaxoSmithKline	sr	hbs	GlaksoSmitKlajn	2012-02-25	23:39:24	4627
GlaxoSmithKline	ko	kor	글락소스미스클라인	2010-04-02	08:17:34	2370
GlaxoSmithKline	sv	swe	Glaxosmithkline	2008-03-08	10:19:24	1843
GlaxoSmithKline	sco	sco	GlaxoSmithKline	2005-09-23	05:42:30	1259
GlaxoSmithKline	sh	hbs	GlaxoSmithKline	2011-05-17	08:18:16	4798
GlaxoSmithKline	ms	msa	GlaxoSmithKline	2012-07-10	03:09:13	5648
Time Inc.	be	bel	Time Inc.	2012-02-15	20:11:00	2917
Time Inc.	fr	fra	Time (entreprise)	2003-12-30	09:29:19	1229
Time Inc.	en	eng	Time Inc.	2006-08-26	04:21:21	4005
Time Inc.	nl	nld	Time Inc.	2006-03-13	17:34:03	1380
Time Inc.	pt	por	Time Inc.	2005-05-04	02:22:39	1571
Time Inc.	no	nor	Time Inc.	2005-01-26	02:46:37	928
Time Inc.	is	isl	Time Inc.	2012-01-10	02:01:55	771
Time Inc.	de	deu	Time Inc.	2010-08-01	15:29:21	2746
Time Inc.	it	ita	Time Inc.	2010-01-26	20:00:13	1292
Time Inc.	sv	swe	Time Inc.	2008-01-22	20:20:04	1991
Time Inc.	ru	rus	Time Inc.	2007-11-03	16:24:33	3057
Time Inc.	ro	ron	Time Inc.	2008-06-29	19:59:59	1162
Time Inc.	es	spa	Time Inc.	2007-05-27	00:12:47	1067
Pearson plc	fr	fra	Pearson (maison d'édition)	2006-09-24	07:42:46	5721
Pearson plc	en	eng	Pearson plc	2004-09-06	04:52:22	15519
Pearson plc	zh	zho	培生集團	2007-12-21	17:35:50	2103
Pearson plc	ca	cat	Pearson PLC	2011-10-03	22:02:22	1426
Pearson plc	de	deu	Mediengruppe Pearson	2004-10-06	13:37:13	5198
Pearson plc	et	est	Pearson PLC	2010-06-07	19:27:56	1293
Pearson plc	ro	ron	Pearson	2007-08-30	15:53:37	1482
Pearson plc	ja	jpn	ピアソン (企業)	2006-11-07	10:30:32	2711
Sony	el	ell	Sony	2003-11-13	18:58:59	3375
Sony	eo	epo	Sony	2005-09-05	05:42:51	2036
Sony	ang	ang	Sonyȝeȝyld	2012-03-18	02:20:52	1916
Sony	zh	zho	索尼	2004-03-22	04:59:04	83523
Sony	ga	gle	Sony	2007-03-16	22:00:13	1970
Sony	vi	vie	Sony	2005-10-17	08:36:30	12217
Sony	ca	cat	Sony	2006-07-27	08:01:12	12544
Sony	it	ita	Sony	2005-09-21	13:29:51	15134
Sony	eu	eus	Sony	2010-05-25	20:08:26	2902
Sony	ar	ara	سوني	2005-05-27	22:23:11	10536
Sony	io	ido	Sony	2011-02-14	23:15:23	1621
Sony	cs	ces	Sony	2006-11-12	16:44:32	4404
Sony	et	est	Sony	2010-03-04	19:06:58	2505
Sony	gl	glg	Sony	2006-02-09	00:19:56	13062
Sony	id	msa	Sony	2004-12-04	16:58:33	11651
Sony	es	spa	Sony	2004-03-07	12:10:07	27626
Sony	ps	pus	سوني	2012-01-10	12:40:40	1304
Sony	az	aze	Sony	2010-04-29	12:20:15	2196
Sony	nl	nld	Sony Corporation	2004-04-06	23:12:04	13522
Sony	nn	nor	Sony	2012-06-05	15:15:55	2174
Sony	no	nor	Sony	2005-03-23	11:26:59	5079
Sony	tr	tur	Sony	2005-08-03	13:24:29	19999
Sony	lv	lav	Sony	2008-01-19	15:17:00	3318
Sony	lt	lit	Sony	2007-04-23	16:17:58	3242
Sony	en	eng	Sony	2001-05-08	18:19:04	55842
Sony	th	tha	โซนี่	2006-06-09	05:10:22	9450
Sony	ro	ron	Sony	2003-09-30	13:56:07	13109
Sony	sah	sah	Sony	2009-03-03	10:22:54	4076
Sony	is	isl	Sony	2005-11-14	11:47:55	2018
Sony	pl	pol	Sony	2005-04-11	22:35:24	11872
Sony	ta	tam	சோனி	2008-12-03	16:46:45	5841
Sony	be	bel	Sony	2010-04-17	10:39:47	4824
Sony	fr	fra	Sony	2002-07-01	08:36:51	22433
Sony	bg	bul	Сони	2006-07-05	13:21:44	6307
Sony	ms	msa	Sony	2006-04-04	02:01:44	4679
Sony	yo	yor	Sony	2009-12-17	18:18:39	4248
Sony	ru	rus	Sony	2005-08-18	10:51:46	14998
Sony	hr	hbs	Sony	2010-04-24	14:45:02	9025
Sony	bn	ben	সনি	2006-05-10	19:33:24	3549
Sony	de	deu	Sony	2003-01-15	17:53:34	23203
Sony	ko	kor	소니	2005-05-07	17:34:20	11455
Sony	da	dan	Sony	2005-04-12	11:07:30	2454
Sony	fa	fas	سونی	2007-08-01	10:24:32	13302
Sony	hi	hin	सोनी	2009-11-19	05:56:32	1256
Sony	bs	hbs	Sony	2006-07-31	13:37:33	2124
Sony	fi	fin	Sony	2004-07-13	04:01:31	6230
Sony	hy	hye	Սոնի	2012-04-18	06:09:48	2722
Sony	pnb	lah	سونی	2008-10-25	13:45:17	1274
Sony	ja	jpn	ソニー	2003-02-15	23:02:45	53766
Sony	he	heb	סוני	2004-09-21	10:33:49	9000
Sony	kaa	kaa	Sony	2008-11-15	07:25:33	4010
Sony	ka	kat	Sony	2009-10-13	12:49:41	7415
Sony	mr	mar	सोनी	2008-10-20	02:40:20	4616
Sony	pt	por	Sony	2004-11-28	20:38:05	11154
Sony	gan	zho	Sony	2008-03-20	15:19:28	1509
Sony	kk	kaz	Sony	2011-10-31	06:00:28	8344
Sony	sr	hbs	Сони	2007-05-15	11:39:50	3497
Sony	sq	sqi	Sony	2006-02-26	01:09:52	3943
Sony	ckb	kur	کۆمپانیای سۆنی	2012-01-25	15:54:24	2753
Sony	uz	uzb	Sony	2007-11-20	11:50:26	4991
Sony	sv	swe	Sony	2004-05-02	14:55:42	6305
Sony	ur	urd	سونی	2006-11-29	11:26:11	2199
Sony	sk	slk	Soní	2007-05-16	22:11:20	5042
Sony	sh	hbs	Sony	2007-06-22	19:07:56	10859
Sony	uk	ukr	Sony	2006-12-28	19:58:41	10793
Sony	sl	slv	Sony	2007-09-17	16:45:33	3929
Sony	ku	kur	Sony	2011-03-30	23:36:31	1610
Sony	hu	hun	Sony Corporation	2007-10-06	19:04:49	6498
Schneider Electric	el	ell	Schneider Electric	2011-08-23	12:52:05	5529
Schneider Electric	fr	fra	Schneider Electric	2004-01-31	16:49:14	30922
Schneider Electric	en	eng	Schneider Electric	2005-01-26	21:29:25	8975
Schneider Electric	nl	nld	Schneider Electric	2011-04-23	15:33:58	2117
Schneider Electric	ro	ron	Schneider Electric	2007-08-28	11:08:46	2562
Schneider Electric	pt	por	Schneider Electric	2006-10-31	21:41:54	4559
Schneider Electric	ru	rus	Schneider Electric	2006-08-03	07:23:39	18359
Schneider Electric	id	msa	Schneider Electric	2012-05-13	15:13:40	10374
Schneider Electric	de	deu	Schneider Electric	2006-03-30	16:18:17	9777
Schneider Electric	ko	kor	슈나이더 일렉트릭	2010-11-03	00:56:12	4199
Schneider Electric	sv	swe	Schneider Electric	2007-10-17	17:29:54	1930
Schneider Electric	it	ita	Schneider Electric	2010-04-12	12:45:53	3412
Schneider Electric	ar	ara	شنايدر إليكتريك	2010-01-26	07:24:47	7204
Schneider Electric	es	spa	Schneider Electric	2011-01-29	13:34:39	2593
Schneider Electric	cs	ces	Schneider Electric	2011-07-05	13:19:25	1279
Schneider Electric	fi	fin	Schneider Electric	2012-05-22	20:28:11	1304
Schneider Electric	da	dan	Schneider Electric	2008-10-18	09:44:00	1397
Schneider Electric	zh	zho	施耐德电气	2011-11-16	15:35:24	4841
Schneider Electric	ja	jpn	シュナイダーエレクトリック	2007-02-16	15:48:51	6541
Schneider Electric	pl	pol	Schneider Electric	2007-05-18	20:55:25	3884
Schneider Electric	he	heb	שניידר אלקטריק	2010-01-11	17:46:32	3590
Sanofi	en	eng	Sanofi	2004-03-31	16:54:46	12509
Sanofi	zh	zho	赛诺菲	2006-03-08	07:41:45	5198
Sanofi	ca	cat	Sanofi-Aventis	2009-03-20	14:09:31	6642
Sanofi	it	ita	Sanofi Aventis	2006-08-23	16:22:48	6246
Sanofi	id	msa	Sanofi-Aventis	2007-09-30	03:30:25	2628
Sanofi	es	spa	Sanofi-Aventis	2005-07-24	16:20:12	2833
Sanofi	ru	rus	Sanofi	2008-11-01	16:39:42	12565
Sanofi	nl	nld	Sanofi-aventis	2008-05-14	11:04:08	6042
Sanofi	pt	por	Sanofi-Aventis	2006-03-11	15:53:46	2212
Sanofi	no	nor	Sanofi-Aventis	2009-08-28	20:12:31	1411
Sanofi	tr	tur	Sanofi-Aventis	2010-12-24	02:54:23	931
Sanofi	ro	ron	Sanofi-Aventis	2007-08-28	20:23:46	2666
Sanofi	pl	pol	Sanofi-Aventis	2006-08-17	13:30:27	6368
Sanofi	fr	fra	Sanofi	2004-12-26	10:27:59	23438
Sanofi	bg	bul	Санофи-Авентис	2005-10-22	17:21:44	2087
Sanofi	de	deu	Sanofi-Aventis	2004-10-19	22:45:03	15318
Sanofi	fa	fas	سانوفی	2011-12-09	15:35:04	3304
Sanofi	ja	jpn	サノフィ	2006-12-13	19:46:17	9743
Sanofi	he	heb	סאנופי-אוונטיס	2008-09-26	22:58:42	2020
Sanofi	sr	hbs	Sanofi	2012-02-25	21:50:49	4186
Sanofi	ko	kor	사노피아벤티스	2010-04-10	13:33:08	1737
Sanofi	sv	swe	Sanofi	2007-05-17	16:28:09	5000
Banco Bilbao Vizcaya Argentaria	fr	fra	Banco Bilbao Vizcaya Argentaria	2005-09-13	02:31:03	4969
Banco Bilbao Vizcaya Argentaria	bg	bul	BBVA	2010-09-22	09:39:08	2917
Banco Bilbao Vizcaya Argentaria	nl	nld	Banco Bilbao Vizcaya Argentaria	2008-01-28	10:00:56	1537
Banco Bilbao Vizcaya Argentaria	pt	por	Banco Bilbao Vizcaya Argentaria	2007-10-03	23:17:30	6173
Banco Bilbao Vizcaya Argentaria	ca	cat	Banco Bilbao Vizcaya Argentaria	2007-11-27	18:37:07	7800
Banco Bilbao Vizcaya Argentaria	de	deu	Banco Bilbao Vizcaya Argentaria	2006-03-26	12:53:07	30110
Banco Bilbao Vizcaya Argentaria	ko	kor	BBVA	2012-06-20	10:40:22	970
Banco Bilbao Vizcaya Argentaria	it	ita	Banco Bilbao Vizcaya Argentaria	2006-06-12	18:53:56	8292
Banco Bilbao Vizcaya Argentaria	id	msa	Banco Bilbao Vizcaya Argentaria	2006-04-22	00:13:57	2991
Banco Bilbao Vizcaya Argentaria	gl	glg	Banco Bilbao Vizcaya Argentaria	2009-11-10	19:18:33	6736
Banco Bilbao Vizcaya Argentaria	lt	lit	Banco Bilbao Vizcaya Argentaria	2011-02-14	12:27:46	1975
Banco Bilbao Vizcaya Argentaria	ar	ara	بانكو بيلباو فيزكايا أرجنتاريا	2012-07-07	09:30:15	5313
Banco Bilbao Vizcaya Argentaria	en	eng	Banco Bilbao Vizcaya Argentaria	2004-12-22	10:31:13	17932
Banco Bilbao Vizcaya Argentaria	et	est	Banco Bilbao Vizcaya Argentaria	2008-06-29	20:41:46	1396
Banco Bilbao Vizcaya Argentaria	eu	eus	Banco Bilbao Vizcaya Argentaria	2006-05-07	09:50:08	3130
Banco Bilbao Vizcaya Argentaria	fi	fin	Banco Bilbao Vizcaya Argentaria	2006-11-13	08:37:31	2084
Banco Bilbao Vizcaya Argentaria	ro	ron	Banco Bilbao Vizcaya Argentaria	2008-08-07	07:50:56	3366
Banco Bilbao Vizcaya Argentaria	ja	jpn	ビルバオ・ビスカヤ・アルヘンタリア銀行	2011-03-04	23:23:45	3893
Banco Bilbao Vizcaya Argentaria	es	spa	Banco Bilbao Vizcaya Argentaria	2006-03-08	03:48:12	8606
Northrop Grumman	en	eng	Northrop Grumman	2003-04-26	20:42:25	41832
Northrop Grumman	zh	zho	诺斯洛普·格鲁门	2006-04-04	09:27:28	8081
Northrop Grumman	it	ita	Northrop Grumman Corporation	2005-10-30	03:20:44	4473
Northrop Grumman	ar	ara	نورثروب جرومان	2007-12-24	14:04:12	3850
Northrop Grumman	cs	ces	Northrop Grumman	2008-07-28	19:32:39	2857
Northrop Grumman	gl	glg	Northrop Grumman	2012-06-28	16:38:15	2380
Northrop Grumman	id	msa	Northrop Grumman	2005-04-18	20:30:05	4467
Northrop Grumman	es	spa	Northrop Grumman	2004-09-18	20:17:01	6473
Northrop Grumman	ru	rus	Northrop Grumman Corporation	2007-06-01	07:28:38	6239
Northrop Grumman	pt	por	Northrop Grumman Corporation	2005-12-23	00:21:27	1565
Northrop Grumman	no	nor	Northrop Grumman	2006-11-19	19:57:30	2910
Northrop Grumman	tr	tur	Northrop Grumman	2012-01-24	09:53:37	3001
Northrop Grumman	lt	lit	Northrop Grumman	2009-02-10	08:21:39	10411
Northrop Grumman	th	tha	นอร์ทธรอป กรัมแมน	2010-10-01	04:34:03	12548
Northrop Grumman	ro	ron	Northrop Grumman	2007-06-23	09:04:04	1501
Northrop Grumman	pl	pol	Northrop Grumman Corporation	2007-01-29	15:43:16	4772
Northrop Grumman	be	bel	Northrop Grumman Corporation	2007-04-06	07:52:32	4503
Northrop Grumman	fr	fra	Northrop Grumman	2005-11-03	20:20:34	4309
Northrop Grumman	hr	hbs	Northrop Grumman	2007-06-08	01:24:00	2563
Northrop Grumman	de	deu	Northrop Grumman	2005-05-13	09:22:06	4882
Northrop Grumman	da	dan	Northrop Grumman Corporation	2006-12-22	15:56:07	2593
Northrop Grumman	fa	fas	نورتروپ گرومن	2010-05-06	07:28:41	2143
Northrop Grumman	fi	fin	Northrop Grumman	2007-05-17	18:54:45	4064
Northrop Grumman	ja	jpn	ノースロップ・グラマン	2006-05-13	10:51:23	6568
Northrop Grumman	he	heb	נורת'רופ גראמן	2006-07-08	15:30:06	13972
Northrop Grumman	ko	kor	노스럽 그러먼	2011-08-25	07:38:01	1369
Northrop Grumman	sv	swe	Northrop Grumman	2009-12-22	18:51:02	9917
Northrop Grumman	ms	msa	Northrop Grumman	2009-05-05	10:34:16	5979
Nokia	eo	epo	Nokia (kompanio)	2005-12-02	11:29:53	9900
Nokia	en	eng	Nokia	2001-05-04	00:36:38	121934
Nokia	zh	zho	诺基亚	2004-05-11	12:05:19	10843
Nokia	vi	vie	Nokia	2006-02-16	04:46:08	20960
Nokia	ca	cat	Nokia	2006-04-07	22:09:38	8875
Nokia	gu	guj	નોકિયા	2010-02-22	12:20:56	168165
Nokia	kn	kan	Nokia	2010-01-28	13:16:09	171098
Nokia	cs	ces	Nokia	2005-05-24	20:48:53	10766
Nokia	ar	ara	نوكيا (شركة)	2005-08-17	12:34:49	17392
Nokia	ml	mal	നോക്കിയ	2008-01-23	10:55:47	8322
Nokia	ga	gle	Nokia	2004-12-06	03:42:35	3339
Nokia	eu	eus	Nokia	2007-08-22	17:24:01	3677
Nokia	et	est	Nokia (ettevõte)	2008-02-20	22:30:44	9381
Nokia	gl	glg	Nokia	2007-01-12	19:58:37	5047
Nokia	ky	kir	Нокиа	2007-04-22	06:14:46	1856
Nokia	id	msa	Nokia	2005-08-10	19:52:13	8745
Nokia	es	spa	Nokia	2004-03-21	23:04:19	40350
Nokia	ru	rus	Nokia	2005-06-29	12:10:28	34641
Nokia	az	aze	Nokia	2007-01-20	20:43:13	9225
Nokia	nl	nld	Nokia (bedrijf)	2004-04-10	13:07:57	7917
Nokia	pt	por	Nokia	2005-04-30	01:03:01	13522
Nokia	no	nor	Nokia (selskap)	2005-04-07	14:04:01	4493
Nokia	xmf	xmf	ნოკია	2012-06-05	14:48:27	2603
Nokia	tr	tur	Nokia	2005-11-09	18:53:31	7970
Nokia	lt	lit	Nokia	2006-03-11	21:03:24	7811
Nokia	lv	lav	Nokia	2007-10-10	18:40:34	3991
Nokia	si	sin	නොකියා	2007-09-23	17:41:02	4462
Nokia	tl	fil	Nokia	2007-11-25	17:30:23	1755
Nokia	pa	pan	ਨੋਕਿਆ	2012-10-04	19:11:15	6073
Nokia	th	tha	โนเกีย	2005-11-13	13:07:00	18446
Nokia	fo	fao	Nokia	2012-08-08	16:38:39	2885
Nokia	is	isl	Nokia	2006-02-02	11:35:28	41926
Nokia	pl	pol	Nokia	2003-09-29	17:14:38	11761
Nokia	ta	tam	நோக்கியா	2009-10-27	11:47:07	199211
Nokia	be	bel	Nokia	2011-01-24	11:23:28	18601
Nokia	fr	fra	Nokia	2003-03-31	15:11:48	25121
Nokia	bg	bul	Нокия	2007-03-01	20:40:22	29552
Nokia	ms	msa	Nokia	2006-07-20	03:58:40	18313
Nokia	te	tel	నోకియా	2009-10-29	11:45:18	196319
Nokia	hr	hbs	Nokia	2007-05-30	21:47:18	2924
Nokia	jv	jav	Nokia	2011-08-08	14:17:38	4213
Nokia	sl	slv	Nokia	2006-06-20	16:52:27	3871
Nokia	hu	hun	Nokia	2005-11-19	22:51:45	30115
Nokia	it	ita	Nokia	2005-04-22	09:59:11	18028
Nokia	fa	fas	نوکیا	2006-03-15	22:46:01	19412
Nokia	hi	hin	नोकिया	2008-11-01	10:45:13	8626
Nokia	bs	hbs	Nokia	2006-04-12	11:10:05	3559
Nokia	fi	fin	Nokia (yritys)	2004-07-22	18:48:42	30994
Nokia	pnb	lah	نوکیا	2008-10-25	07:32:04	2832
Nokia	ja	jpn	ノキア	2005-01-20	01:05:21	29187
Nokia	he	heb	נוקיה	2005-08-07	18:07:39	12880
Nokia	ka	kat	NOKIA	2008-05-27	19:07:25	7372
Nokia	ro	ron	Nokia	2004-09-21	06:43:48	55556
Nokia	ckb	kur	نۆکیا	2010-08-03	14:35:23	7979
Nokia	bn	ben	নোকিয়া	2006-04-10	18:12:10	4974
Nokia	sr	hbs	Нокија	2006-02-20	19:54:39	3011
Nokia	da	dan	Nokia	2005-04-20	06:51:18	3414
Nokia	uz	uzb	Nokia	2006-04-29	08:31:11	2559
Nokia	ko	kor	노키아	2004-12-24	03:47:36	6295
Nokia	sv	swe	Nokia	2003-12-23	02:13:46	14238
Nokia	ur	urd	نوکیا	2009-04-11	15:25:17	5535
Nokia	sco	sco	Nokia	2010-09-23	22:10:14	3395
Nokia	kk	kaz	Nokia	2008-11-22	09:05:28	23033
Nokia	de	deu	Nokia	2004-04-13	07:01:54	33620
Nokia	sh	hbs	Nokia	2007-06-22	18:59:45	6797
Nokia	so	som	Nokia	2009-11-20	14:35:35	1508
Nokia	sk	slk	Nokia	2005-03-23	23:14:40	2592
Nokia	uk	ukr	Nokia	2006-08-08	04:33:56	16364
Nokia	mr	mar	नोकिया	2010-07-17	19:26:52	3144
Nokia	ku	kur	Nokia	2009-06-04	13:49:30	2181
Nokia	sa	san	नोकिया	2011-11-15	13:30:51	2822
Nokia	ilo	ilo	Nokia	2006-01-13	14:52:27	3699
Nokia	my	mya	နိုကီယာ (ကုမ္ပဏီ)	2012-04-13	12:50:01	7761
Nokia	sq	sqi	Nokia	2011-05-22	21:04:28	17843
Motorola	en	eng	Motorola	2001-10-19	22:33:08	39863
Motorola	zh	zho	摩托罗拉	2004-03-27	16:16:05	10587
Motorola	wuu	zho	Motorola	2009-03-09	09:36:00	2283
Motorola	vi	vie	Motorola	2011-05-14	02:56:55	6450
Motorola	is	isl	Motorola	2007-08-18	10:28:27	1410
Motorola	it	ita	Motorola	2005-06-15	16:07:42	13853
Motorola	ar	ara	موتورولا	2008-02-21	08:00:06	4582
Motorola	cs	ces	Motorola	2004-12-13	17:26:52	2705
Motorola	et	est	Motorola	2011-11-27	21:49:52	14983
Motorola	az	aze	Motorola	2010-11-30	19:06:55	1393
Motorola	id	msa	Motorola	2008-02-02	04:25:05	6040
Motorola	es	spa	Motorola	2004-08-12	19:14:57	12418
Motorola	ru	rus	Motorola	2006-01-16	21:22:15	17523
Motorola	nl	nld	Motorola	2004-07-31	23:35:58	6247
Motorola	pt	por	Motorola	2004-11-25	20:21:40	5100
Motorola	no	nor	Motorola	2007-11-10	22:12:45	3423
Motorola	tr	tur	Motorola	2006-06-19	20:49:18	1663
Motorola	lt	lit	Motorola	2007-02-17	22:05:59	2156
Motorola	th	tha	โมโตโรลา	2006-09-09	03:38:15	7568
Motorola	ro	ron	Motorola	2007-02-27	20:35:25	2527
Motorola	ca	cat	Motorola	2007-01-03	23:52:29	9179
Motorola	pl	pol	Motorola	2004-09-25	21:56:29	10878
Motorola	ta	tam	மோட்டோரோலா	2010-04-07	11:45:21	64679
Motorola	fr	fra	Motorola	2004-04-13	18:05:35	8414
Motorola	bg	bul	Моторола	2006-09-27	13:42:43	7162
Motorola	ms	msa	Motorola	2008-02-18	09:36:49	4605
Motorola	hr	hbs	Motorola	2005-12-18	09:38:04	5697
Motorola	de	deu	Motorola	2003-05-08	13:50:09	20759
Motorola	hu	hun	Motorola	2004-06-02	21:34:08	3712
Motorola	fa	fas	موتورولا	2006-02-01	19:02:29	7233
Motorola	hi	hin	मोटोरोला इंकार्पोरेशन	2009-12-02	15:26:56	4158
Motorola	fi	fin	Motorola	2005-02-27	10:17:44	4641
Motorola	da	dan	Motorola	2006-03-12	19:13:16	2605
Motorola	ja	jpn	モトローラ	2003-02-17	08:49:09	19040
Motorola	he	heb	מוטורולה	2005-01-14	14:58:47	17704
Motorola	uz	uzb	Motorola	2008-04-20	00:52:44	1036
Motorola	kk	kaz	Motorola	2011-11-01	01:30:53	6676
Motorola	sr	hbs	Моторола	2012-07-17	22:23:11	10222
Motorola	sq	sqi	Motorola	2009-01-19	23:21:09	2278
Motorola	ko	kor	모토로라 인코퍼레이티드	2005-09-24	06:46:18	8714
Motorola	sv	swe	Motorola	2004-11-07	23:21:37	2563
Motorola	mk	mkd	Motorola	2008-10-30	16:00:35	4030
Motorola	sk	slk	Motorola	2007-05-06	17:11:00	4396
Motorola	sh	hbs	Motorola	2010-12-21	19:39:52	5706
Motorola	uk	ukr	Motorola	2009-01-16	10:44:35	35581
Motorola	mr	mar	मोटोरोला	2011-02-17	18:22:39	4183
Aegis Group	ru	rus	Aegis Group	2010-09-03	14:30:37	4106
Aegis Group	fr	fra	Aegis Group	2006-11-15	18:11:15	3389
Aegis Group	en	eng	Aegis Group	2006-07-20	10:28:41	6512
Aegis Group	de	deu	Aegis Group	2012-04-25	08:49:54	5280
Aegis Group	ro	ron	Aegis Group	2011-04-08	10:19:04	1495
Aegis Group	es	spa	Aegis Group plc	2007-10-23	15:13:41	2983
Fleury	ru	rus	Флёри	2007-09-01	16:43:17	2746
Fleury	fr	fra	Fleury	2003-07-08	13:54:58	5753
Fleury	en	eng	Fleury	2004-01-25	07:57:23	2152
Fleury	nl	nld	Fleury	2006-03-30	18:08:12	1261
Fleury	ceb	ceb	Fleury	2007-02-02	11:01:09	594
Fleury	pt	por	Fleury	2006-09-12	19:27:37	793
Fleury	pms	pms	Fleury	2011-05-10	20:11:53	670
Fleury	de	deu	Fleury	2005-03-24	13:37:30	2877
Fleury	it	ita	Fleury	2005-09-02	05:07:05	843
Fleury	sk	slk	Fleury	2011-11-16	09:58:10	895
Fleury	sh	hbs	Fleury	2012-05-30	19:13:50	2076
Fleury	es	spa	Fleury	2007-08-03	16:38:20	1440
Fleury	uk	ukr	Флері	2009-09-23	14:06:04	2112
Fleury	lv	lav	Flerī	2009-07-13	09:18:35	489
Fleury	ja	jpn	フルーリー	2009-09-16	07:40:58	1003
Fleury	pl	pol	Fleury	2005-09-23	13:10:43	2379
Procter & Gamble	sah	sah	Procter and Gamble	2009-04-17	09:59:20	4682
Procter & Gamble	zh	zho	宝洁公司	2005-01-04	07:30:01	20887
Procter & Gamble	vi	vie	Procter & Gamble	2011-05-13	13:46:18	3866
Procter & Gamble	ca	cat	Procter & Gamble	2010-08-09	08:47:17	10942
Procter & Gamble	it	ita	Procter & Gamble	2006-11-12	13:45:35	14171
Procter & Gamble	kn	kan	ಪ್ರಾಕ್ಟರ್	2010-10-30	05:36:38	38588
Procter & Gamble	ar	ara	بروكتر وغامبل	2006-04-12	01:14:23	7816
Procter & Gamble	id	msa	Procter & Gamble	2006-12-18	13:54:22	17629
Procter & Gamble	es	spa	Procter & Gamble	2005-10-22	20:01:03	12423
Procter & Gamble	ru	rus	Procter & Gamble	2006-09-28	11:18:53	40445
Procter & Gamble	nl	nld	Procter & Gamble	2006-02-09	10:41:23	7362
Procter & Gamble	pt	por	Procter & Gamble	2005-03-19	15:26:53	5137
Procter & Gamble	no	nor	Procter & Gamble	2005-05-30	11:36:21	3805
Procter & Gamble	tr	tur	Procter & Gamble	2007-05-18	22:08:16	13741
Procter & Gamble	lt	lit	Procter & Gamble	2011-05-04	05:27:06	1352
Procter & Gamble	en	eng	Procter & Gamble	2003-08-11	03:56:03	31725
Procter & Gamble	th	tha	พรอคเตอร์ แอนด์ แกมเบิล	2011-12-16	08:35:53	11012
Procter & Gamble	ro	ron	Procter & Gamble	2007-08-08	00:29:46	6424
Procter & Gamble	war	war	Procter & Gamble	2012-10-05	23:31:11	1140
Procter & Gamble	pl	pol	Procter & Gamble	2006-02-14	23:45:41	9484
Procter & Gamble	be	bel	Procter & Gamble	2012-01-25	17:49:41	9867
Procter & Gamble	fr	fra	Procter & Gamble	2005-01-28	19:58:05	16371
Procter & Gamble	bg	bul	Проктър и Гембъл	2005-02-15	15:57:33	3550
Procter & Gamble	ms	msa	Procter & Gamble	2008-11-09	06:50:17	9709
Procter & Gamble	hr	hbs	Procter & Gamble	2010-08-19	21:30:11	31125
Procter & Gamble	de	deu	Procter & Gamble	2003-08-05	07:30:58	24122
Procter & Gamble	da	dan	Procter & Gamble	2007-04-01	20:29:49	2382
Procter & Gamble	fa	fas	پروکتر اند گمبل	2011-08-22	05:36:33	4177
Procter & Gamble	fi	fin	Procter & Gamble	2006-03-24	12:20:56	2694
Procter & Gamble	hu	hun	Procter & Gamble	2009-11-13	08:27:39	1740
Procter & Gamble	ja	jpn	プロクター・アンド・ギャンブル	2004-08-14	17:47:19	6821
Procter & Gamble	he	heb	פרוקטר אנד גמבל	2007-05-29	06:00:35	6787
Procter & Gamble	ko	kor	프록터 앤드 갬블	2007-06-29	14:22:11	9173
Procter & Gamble	sv	swe	Procter & Gamble	2006-02-01	16:29:02	6657
Procter & Gamble	mk	mkd	Procter & Gamble	2009-05-13	16:32:01	27710
Procter & Gamble	sh	hbs	Procter & Gamble	2010-09-11	15:20:12	18859
Procter & Gamble	uk	ukr	Procter & Gamble	2011-09-18	20:00:05	36105
CSK Holdings Corporation	ru	rus	CSK Holdings Corporation	2010-11-02	15:41:54	1140
CSK Holdings Corporation	fr	fra	CSK Holdings Corporation	2007-11-14	07:28:40	824
CSK Holdings Corporation	de	deu	CSK Holdings	2006-08-15	23:52:24	829
CSK Holdings Corporation	en	eng	CSK Holdings Corporation	2005-10-14	18:15:04	657
CSK Holdings Corporation	ja	jpn	CSK (企業)	2003-11-05	13:33:01	14379
Art Technology Group	de	deu	Art Technology Group	2012-04-18	15:56:24	5755
Art Technology Group	en	eng	Art Technology Group	2006-03-17	17:15:29	7604
Hasbro	en	eng	Hasbro	2002-08-03	09:54:50	17316
Hasbro	zh	zho	孩之寶	2004-01-29	09:49:01	3768
Hasbro	ca	cat	Hasbro	2007-11-24	20:43:41	1178
Hasbro	it	ita	Hasbro	2006-06-23	16:26:32	5353
Hasbro	ar	ara	هاسبرو	2007-06-22	20:42:23	2454
Hasbro	id	msa	Hasbro	2008-12-08	03:44:17	4349
Hasbro	es	spa	Hasbro	2005-05-16	07:20:59	4099
Hasbro	ru	rus	Hasbro	2010-09-25	13:38:32	12361
Hasbro	nl	nld	Hasbro	2006-03-22	15:06:45	3302
Hasbro	pt	por	Hasbro	2004-11-10	16:11:42	4095
Hasbro	no	nor	Hasbro	2009-03-15	11:40:26	997
Hasbro	tr	tur	Hasbro	2010-03-21	15:54:03	2308
Hasbro	lt	lit	Hasbro, Inc.	2012-05-06	19:25:45	1088
Hasbro	ro	ron	Hasbro	2007-08-30	18:55:08	858
Hasbro	pl	pol	Hasbro	2007-04-02	07:55:09	3043
Hasbro	fr	fra	Hasbro	2004-05-21	12:37:29	5426
Hasbro	hr	hbs	Hasbro	2011-04-03	12:05:24	808
Hasbro	de	deu	Hasbro	2005-02-16	23:13:51	12955
Hasbro	da	dan	Hasbro	2009-06-10	09:47:41	957
Hasbro	hi	hin	हास्ब्रो	2012-03-29	05:52:47	4325
Hasbro	fi	fin	Hasbro	2006-06-15	23:37:26	2185
Hasbro	ja	jpn	ハズブロ	2006-05-23	22:57:00	6443
Hasbro	he	heb	הסברו	2010-08-05	10:45:49	4111
Hasbro	ko	kor	해즈브로	2010-02-09	13:31:47	5431
Hasbro	sv	swe	Hasbro	2003-03-21	12:21:43	2430
Research In Motion	en	eng	Research In Motion	2003-10-17	03:46:52	45428
Research In Motion	zh	zho	Research In Motion	2007-01-25	08:25:00	6012
Research In Motion	vi	vie	Research In Motion	2008-07-01	05:33:06	2669
Research In Motion	ca	cat	Research In Motion	2012-02-26	19:19:45	1573
Research In Motion	it	ita	Research In Motion	2007-02-15	20:35:08	7121
Research In Motion	ar	ara	ريسيرش إن موشن	2010-09-16	13:41:53	3030
Research In Motion	id	msa	Research In Motion	2008-08-02	23:32:00	3283
Research In Motion	es	spa	Research In Motion	2009-01-10	20:43:29	4278
Research In Motion	ru	rus	Research In Motion	2010-07-28	06:29:35	10641
Research In Motion	nl	nld	Research In Motion	2006-12-06	08:24:10	8416
Research In Motion	pt	por	Research In Motion	2009-02-27	20:21:55	4029
Research In Motion	no	nor	Research In Motion	2009-11-02	23:13:22	1193
Research In Motion	tr	tur	Research In Motion	2010-09-13	05:42:46	1771
Research In Motion	lt	lit	Research in Motion	2011-04-18	16:11:15	1896
Research In Motion	th	tha	รีเสิร์ชอินโมชัน	2010-04-30	04:48:48	3985
Research In Motion	ro	ron	Research In Motion	2011-05-12	22:49:06	2054
Research In Motion	pl	pol	Research In Motion	2009-06-20	15:04:37	1173
Research In Motion	fr	fra	Research In Motion	2006-02-26	13:31:04	11244
Research In Motion	de	deu	Research In Motion	2005-03-29	12:30:03	5925
Research In Motion	da	dan	Research In Motion	2011-11-04	00:30:56	6939
Research In Motion	fa	fas	ریسرچ این موشن	2011-07-01	19:45:00	3673
Research In Motion	fi	fin	Research In Motion	2010-04-07	17:44:20	1918
Research In Motion	ja	jpn	Research In Motion	2007-12-05	07:59:33	10631
Research In Motion	ko	kor	리서치 인 모션	2009-01-27	04:55:03	2600
Research In Motion	sv	swe	Research In Motion	2010-09-16	14:09:56	14327
Research In Motion	uk	ukr	Research In Motion	2011-03-16	23:19:55	10778
Qualcomm	ru	rus	Qualcomm	2007-11-11	12:15:45	12359
Qualcomm	fr	fra	Qualcomm	2007-11-18	20:05:46	4839
Qualcomm	en	eng	Qualcomm	2003-07-02	22:27:21	26430
Qualcomm	zh	zho	高通公司	2005-12-27	02:48:30	3763
Qualcomm	pt	por	Qualcomm	2005-10-29	16:53:40	1110
Qualcomm	no	nor	Qualcomm	2008-10-16	17:07:09	708
Qualcomm	sr	hbs	Кволком	2010-09-27	20:17:53	3106
Qualcomm	id	msa	Qualcomm	2008-02-24	14:22:47	3705
Qualcomm	de	deu	Qualcomm	2004-11-18	21:13:14	3700
Qualcomm	ko	kor	퀄컴	2007-11-19	03:29:34	13952
Qualcomm	sv	swe	Qualcomm	2008-10-21	14:42:19	1145
Qualcomm	it	ita	Qualcomm	2006-07-11	12:22:24	1655
Qualcomm	fa	fas	کوالکام	2012-07-12	19:14:18	2083
Qualcomm	es	spa	Qualcomm	2008-06-28	15:28:28	1254
Qualcomm	uk	ukr	Qualcomm	2011-05-01	00:11:24	7589
Qualcomm	cs	ces	Qualcomm	2012-07-27	23:56:56	2804
Qualcomm	fi	fin	Qualcomm	2007-08-29	08:42:18	4641
Qualcomm	ro	ron	Qualcomm	2008-06-09	02:27:37	655
Qualcomm	ja	jpn	クアルコム	2004-11-27	17:21:48	10877
Qualcomm	pl	pol	Qualcomm	2005-10-18	08:12:40	2089
RR Donnelley	de	deu	RR Donnelley	2009-03-16	12:17:46	1908
RR Donnelley	en	eng	RR Donnelley	2006-04-16	21:45:54	7503
RR Donnelley	pt	por	RR Donnelley	2011-01-17	15:37:39	2711
Fujitsu	en	eng	Fujitsu	2002-06-19	15:55:55	24400
Fujitsu	zh	zho	富士通	2006-06-30	21:40:54	4613
Fujitsu	vi	vie	Fujitsu	2008-07-17	14:51:23	2226
Fujitsu	ca	cat	Fujitsu	2012-01-30	11:49:13	4384
Fujitsu	it	ita	Fujitsu	2005-05-15	17:18:42	4526
Fujitsu	ar	ara	فوجيتسو	2008-08-02	19:45:55	6002
Fujitsu	cs	ces	Fujitsu	2010-03-09	19:28:12	3863
Fujitsu	id	msa	Fujitsu	2005-04-15	01:36:43	4531
Fujitsu	es	spa	Fujitsu	2006-08-13	13:33:10	7060
Fujitsu	ru	rus	Fujitsu	2007-03-12	07:52:53	11537
Fujitsu	nl	nld	Fujitsu	2008-08-22	16:23:09	3463
Fujitsu	pt	por	Fujitsu	2005-10-07	01:02:24	3119
Fujitsu	no	nor	Fujitsu	2009-08-16	12:48:46	1830
Fujitsu	tr	tur	Fujitsu	2008-03-12	14:39:16	1540
Fujitsu	ro	ron	Fujitsu	2007-09-01	17:57:28	1315
Fujitsu	pl	pol	Fujitsu	2007-01-27	15:57:33	2975
Fujitsu	fr	fra	Fujitsu	2002-11-14	06:41:33	7652
Fujitsu	bg	bul	Фуджицу	2005-04-18	12:20:53	1788
Fujitsu	hr	hbs	Fujitsu	2010-08-10	11:36:19	16156
Fujitsu	de	deu	Fujitsu	2004-03-11	18:00:43	4791
Fujitsu	da	dan	Fujitsu	2009-11-19	12:54:38	3857
Fujitsu	fa	fas	فوجیتسو	2009-04-29	09:07:34	2738
Fujitsu	fi	fin	Fujitsu	2006-06-29	08:48:42	1572
Fujitsu	ja	jpn	富士通	2003-02-13	12:03:10	38643
Fujitsu	ckb	kur	فوژیتسو	2012-07-19	20:32:44	885
Fujitsu	sr	hbs	Фуџицу	2011-03-17	08:17:32	14065
Fujitsu	ko	kor	후지쯔	2007-12-09	15:53:20	14610
Fujitsu	sv	swe	Fujitsu	2005-04-19	13:54:30	1689
Fujitsu	uk	ukr	Fujitsu	2007-11-19	08:32:43	3093
Telecom Italia	ru	rus	Telecom Italia	2006-11-13	11:15:50	3807
Telecom Italia	fr	fra	Telecom Italia	2005-04-23	10:48:21	5152
Telecom Italia	en	eng	Telecom Italia	2004-09-09	11:30:21	11290
Telecom Italia	pt	por	Telecom Italia	2010-12-29	08:42:55	830
Telecom Italia	ml	mal	ടെലികോം ഇറ്റാലിയ	2009-06-29	20:12:59	3187
Telecom Italia	de	deu	Telecom Italia	2006-07-22	21:32:44	5408
Telecom Italia	it	ita	Telecom Italia	2004-06-17	15:00:58	49986
Telecom Italia	da	dan	Telecom Italia	2009-08-24	17:08:22	1602
Telecom Italia	ar	ara	تيليكوم إيطاليا	2012-01-16	15:39:47	4226
Telecom Italia	id	msa	Telecom Italia	2009-01-20	13:19:53	3695
Telecom Italia	sv	swe	Telecom Italia	2007-06-23	19:39:37	1333
Telecom Italia	ja	jpn	テレコム・イタリア	2008-08-08	08:15:25	3354
Telecom Italia	es	spa	Telecom Italia	2009-01-14	17:19:09	2426
Cisco Systems	el	ell	Cisco Systems	2011-09-23	16:32:51	4728
Cisco Systems	gu	guj	સિસ્કો	2010-11-12	09:08:24	37656
Cisco Systems	en	eng	Cisco Systems	2002-05-09	03:39:36	44442
Cisco Systems	zh	zho	思科系统	2005-07-12	11:00:20	9745
Cisco Systems	vi	vie	Cisco Systems	2008-08-23	16:23:33	7379
Cisco Systems	ca	cat	Cisco Systems	2010-01-25	15:47:43	5360
Cisco Systems	it	ita	Cisco Systems	2005-02-19	15:33:50	6035
Cisco Systems	cs	ces	Cisco Systems	2005-09-06	12:58:22	3192
Cisco Systems	ar	ara	سيسكو سيستمز	2007-04-07	03:26:37	6035
Cisco Systems	eu	eus	Cisco Systems	2008-11-24	13:25:59	4223
Cisco Systems	az	aze	CISCO	2009-10-14	10:14:20	1567
Cisco Systems	id	msa	Cisco Systems	2006-12-10	11:31:45	7811
Cisco Systems	es	spa	Cisco Systems	2004-06-13	18:01:35	6483
Cisco Systems	ru	rus	Cisco Systems	2005-02-02	07:48:20	36994
Cisco Systems	gl	glg	Cisco Systems	2006-02-17	22:46:35	4666
Cisco Systems	nl	nld	Cisco Systems	2006-01-01	23:21:58	6282
Cisco Systems	pt	por	Cisco Systems	2006-07-02	23:09:11	12921
Cisco Systems	no	nor	Cisco Systems	2007-05-11	13:18:58	5809
Cisco Systems	tr	tur	Cisco Systems	2006-07-17	21:45:13	4164
Cisco Systems	lt	lit	Cisco	2006-10-24	09:26:49	1501
Cisco Systems	ro	ron	Cisco Systems	2007-08-29	19:46:10	6546
Cisco Systems	pl	pol	Cisco Systems	2004-08-28	11:43:12	5840
Cisco Systems	ta	tam	சிஸ்கோ சிஸ்டம்ஸ்	2011-02-17	11:00:12	2514
Cisco Systems	yi	yid	סיסקא	2010-02-19	02:45:25	1823
Cisco Systems	fr	fra	Cisco Systems	2002-11-15	19:20:31	10945
Cisco Systems	bg	bul	Сиско Систъмс	2010-11-27	15:14:45	9914
Cisco Systems	ms	msa	Cisco Systems	2008-12-04	10:59:26	10352
Cisco Systems	hr	hbs	Cisco Systems	2012-03-07	11:29:23	1554
Cisco Systems	bn	ben	সিসকো সিস্টেমস	2011-12-24	14:22:07	10948
Cisco Systems	de	deu	Cisco Systems	2003-07-06	18:20:35	11343
Cisco Systems	da	dan	Cisco Systems	2007-09-29	14:10:09	1998
Cisco Systems	fa	fas	سیسکو سیستمز	2006-09-02	17:30:03	14667
Cisco Systems	fi	fin	Cisco Systems	2004-07-13	09:43:14	3269
Cisco Systems	hu	hun	Cisco Systems	2011-06-04	21:57:12	20517
Cisco Systems	ja	jpn	シスコシステムズ	2004-09-27	09:10:53	10285
Cisco Systems	he	heb	סיסקו מערכות	2005-08-27	03:28:34	6284
Cisco Systems	ckb	kur	سیسکۆ	2009-07-29	11:53:15	4606
Cisco Systems	kk	kaz	Cisco Systems	2009-10-30	06:06:28	3551
Cisco Systems	ml	mal	സിസ്‌കോ	2007-10-10	06:11:37	4834
Cisco Systems	sq	sqi	Cisco Systems	2008-12-12	22:30:06	4850
Cisco Systems	ko	kor	시스코 시스템즈	2009-09-19	03:49:45	2032
Cisco Systems	sv	swe	Cisco Systems	2005-08-28	15:49:28	6657
Cisco Systems	sk	slk	Cisco Systems	2007-10-28	10:21:17	2281
Cisco Systems	uk	ukr	Cisco Systems	2008-11-06	07:56:51	15593
Cisco Systems	sr	hbs	Cisco	2011-06-14	14:43:32	7552
Cisco Systems	my	mya	စစ်စကို	2010-07-08	07:58:13	14394
Telmex	ru	rus	Telmex	2010-10-03	07:49:48	1675
Telmex	fr	fra	Telmex	2003-02-02	16:12:37	7807
Telmex	en	eng	Telmex	2004-03-18	19:22:24	12131
Telmex	nl	nld	Telmex	2007-07-13	17:58:32	1908
Telmex	pt	por	Telmex	2006-01-29	02:17:21	8218
Telmex	no	nor	Telmex	2006-11-02	09:58:11	847
Telmex	ca	cat	Telmex	2008-10-07	02:00:25	1414
Telmex	de	deu	Telmex	2007-05-10	18:16:40	3343
Telmex	it	ita	Telmex	2007-06-04	10:35:45	2320
Telmex	da	dan	Telmex	2010-11-13	11:05:08	726
Telmex	id	msa	Telmex	2006-03-18	10:15:41	1799
Telmex	sv	swe	Telmex	2007-05-29	14:13:18	1235
Telmex	ja	jpn	テルメックス	2011-03-12	01:02:54	2382
Telmex	es	spa	Telmex	2005-08-18	04:34:24	11380
Toys "R" Us	fr	fra	Toys “R” Us	2005-10-05	16:27:04	9886
Toys "R" Us	en	eng	Toys "R" Us	2004-03-07	01:35:39	16451
Toys "R" Us	nl	nld	Toys "R" Us	2009-03-04	10:30:41	2254
Toys "R" Us	pt	por	Toys "R" Us	2008-03-05	10:32:27	1662
Toys "R" Us	no	nor	Toys“R”Us	2012-01-05	20:36:32	2491
Toys "R" Us	de	deu	Toys "R" Us	2005-05-19	14:29:32	6023
Toys "R" Us	it	ita	Toys "R" Us	2012-01-20	21:49:37	3379
Toys "R" Us	da	dan	Toys "R" Us	2009-12-16	22:14:40	3021
Toys "R" Us	ar	ara	تويز آر أص	2009-02-28	11:58:05	2044
Toys "R" Us	es	spa	Toys "R" Us	2007-10-18	00:23:44	13702
Toys "R" Us	th	tha	ทอยส์ "อาร์" อัส	2010-07-07	12:00:59	3089
Toys "R" Us	fi	fin	Toys "R" Us	2012-04-22	08:28:37	6832
Toys "R" Us	sv	swe	Toys "R" Us	2007-10-25	16:03:37	1894
Toys "R" Us	zh	zho	玩具反斗城	2005-02-18	06:11:24	4875
Toys "R" Us	ja	jpn	トイザらス	2004-04-28	03:39:30	15257
Toys "R" Us	pl	pol	Toys "R" Us	2011-03-17	00:07:46	2439
Toys "R" Us	he	heb	טויס אר אס	2008-05-29	12:01:14	3824
Verizon Communications	eo	epo	Verizon Communications	2011-08-07	14:58:13	1697
Verizon Communications	en	eng	Verizon Communications	2001-09-22	00:19:49	36785
Verizon Communications	zh	zho	威訊	2006-05-13	07:34:21	3038
Verizon Communications	gu	guj	વેરાઇઝન કમ્યુનિકેશન્સ	2011-01-07	05:51:13	53831
Verizon Communications	kn	kan	ವೆರಿಝೋನ್ ಕಮ್ಯುನಿಕೇಶನ್ಸ್	2010-10-25	04:11:30	61615
Verizon Communications	ar	ara	فيرايزون للاتصالات	2010-01-01	01:46:09	4391
Verizon Communications	id	msa	Verizon Communications	2006-12-20	13:52:24	3029
Verizon Communications	es	spa	Verizon Communications	2007-12-24	20:04:17	7059
Verizon Communications	ru	rus	Verizon Communications	2006-07-10	10:14:18	4777
Verizon Communications	nl	nld	Verizon Communications	2006-05-26	22:32:03	2317
Verizon Communications	pt	por	Verizon Communications	2006-07-10	22:01:05	5759
Verizon Communications	lt	lit	Verizon Communications	2010-11-10	10:22:45	1581
Verizon Communications	it	ita	Verizon Communications	2006-12-01	00:13:23	3328
Verizon Communications	ro	ron	Verizon	2007-08-29	19:10:04	1319
Verizon Communications	pl	pol	Verizon Communications	2007-06-07	17:36:14	2060
Verizon Communications	fr	fra	Verizon Communications	2005-09-24	19:29:13	8807
Verizon Communications	de	deu	Verizon Communications	2004-12-16	21:56:13	4207
Verizon Communications	da	dan	Verizon Communications	2012-04-08	21:04:05	11154
Verizon Communications	fa	fas	ورایزون	2012-10-18	11:29:17	13083
Verizon Communications	fi	fin	Verizon Communications	2006-02-15	11:04:28	2065
Verizon Communications	ja	jpn	ベライゾン・コミュニケーションズ	2006-03-08	15:03:44	5132
Verizon Communications	he	heb	ורייזון תקשורת	2010-05-20	19:02:36	3913
Verizon Communications	kk	kaz	Verizon Communications	2012-02-26	16:22:01	4326
Verizon Communications	ml	mal	വെറൈസൺ കമ്മ്യൂണിക്കേഷൻസ്	2009-06-28	18:24:04	5632
Verizon Communications	ko	kor	버라이즌 커뮤니케이션스	2007-12-06	20:24:02	3783
Verizon Communications	sv	swe	Verizon	2005-09-17	14:28:10	3663
Swatch	ru	rus	Swatch	2008-03-08	14:58:46	5697
Swatch	fr	fra	Swatch (marque)	2008-03-10	22:12:45	18989
Swatch	en	eng	Swatch	2004-12-22	20:34:13	17320
Swatch	nl	nld	Swatch	2004-04-29	15:36:50	2338
Swatch	pt	por	Swatch	2008-02-27	14:37:21	5226
Swatch	ko	kor	스와치	2010-05-15	12:14:44	1935
Swatch	de	deu	Swatch	2004-09-17	14:07:41	13597
Swatch	tr	tur	Swatch	2006-02-15	11:53:17	2091
Swatch	it	ita	Swatch	2006-10-04	16:02:11	5713
Swatch	sv	swe	Swatch	2005-06-02	13:06:12	2324
Swatch	fa	fas	سواچ	2008-03-02	09:49:22	5084
Swatch	fi	fin	Swatch	2008-06-20	08:08:40	1151
Swatch	pnb	lah	سواچ	2010-02-28	14:36:37	777
Swatch	zh	zho	斯沃琪	2006-04-12	18:35:31	4238
Swatch	ja	jpn	スウォッチ	2004-08-24	13:40:39	3545
Swatch	es	spa	Swatch	2006-04-24	19:11:49	8335
Swatch	he	heb	סווטש	2009-08-12	15:32:50	2680
VF Corporation	fr	fra	VF Corporation	2011-04-28	21:04:03	7210
VF Corporation	de	deu	VF Corporation	2005-11-15	19:37:23	6156
VF Corporation	en	eng	VF Corporation	2005-09-18	22:08:58	4494
VF Corporation	it	ita	Vf Corporation	2006-11-07	21:55:46	2214
Hyundai	el	ell	Hyundai	2010-11-30	09:22:32	1452
Hyundai	fr	fra	Hyundai	2005-08-18	11:40:48	8293
Hyundai	en	eng	Hyundai	2004-02-04	07:12:04	9639
Hyundai	zh	zho	現代集團	2004-03-02	05:19:41	2503
Hyundai	vi	vie	Hyundai	2006-07-29	02:03:39	3597
Hyundai	de	deu	Hyundai	2006-01-23	11:36:33	1683
Hyundai	tr	tur	Hyundai	2009-03-22	17:13:37	2326
Hyundai	it	ita	Hyundai	2003-09-24	20:07:50	3050
Hyundai	hu	hun	Hyundai	2007-03-03	00:24:42	1126
Hyundai	lv	lav	Hyundai	2006-07-15	21:13:00	762
Hyundai	fa	fas	هیوندایی	2008-06-09	08:17:51	2050
Hyundai	ja	jpn	ヒュンダイ	2004-04-28	06:36:14	6089
Hyundai	pl	pol	Hyundai	2004-08-20	19:50:28	2831
Hyundai	ko	kor	현대 (재벌)	2005-09-04	22:20:38	4147
Hyundai	sk	slk	Hyundai	2008-03-11	17:33:09	957
Hyundai	cs	ces	Hyundai	2007-06-03	09:42:53	2544
Hyundai	fi	fin	Hyundai	2007-11-08	16:11:22	1061
Hyundai	sv	swe	Hyundai	2004-10-22	15:21:02	942
Hyundai	id	msa	Hyundai	2006-09-19	04:22:25	2362
Hyundai	es	spa	Hyundai	2010-03-19	09:18:22	14221
Hyundai	he	heb	יונדאי	2006-12-12	19:39:25	2394
LG Corp	eo	epo	LG Group	2006-04-29	16:05:17	993
LG Corp	sah	sah	LG Group	2009-03-04	11:17:47	1641
LG Corp	zh	zho	乐金	2006-04-10	07:10:23	6305
LG Corp	vi	vie	Tập đoàn LG	2007-08-19	19:08:08	3699
LG Corp	it	ita	LG Group	2007-12-09	16:33:29	3511
LG Corp	ar	ara	مجموعة إل جي	2010-06-06	13:36:35	7816
LG Corp	cs	ces	LG Group	2009-07-21	07:36:57	4329
LG Corp	et	est	LG Group	2010-03-04	14:54:49	3564
LG Corp	id	msa	LG Group	2006-05-20	07:13:32	2882
LG Corp	es	spa	LG Group	2007-10-23	15:43:10	3127
LG Corp	ru	rus	LG Group	2006-01-17	21:45:40	28617
LG Corp	nl	nld	LG Group	2005-05-25	09:41:48	4055
LG Corp	pt	por	LG Group	2005-12-03	21:10:16	5619
LG Corp	no	nor	LG	2008-01-12	22:39:27	1565
LG Corp	tr	tur	LG Grup	2006-09-11	21:45:14	7899
LG Corp	en	eng	LG Corp	2004-11-30	05:54:31	8223
LG Corp	ro	ron	LG Group	2007-09-01	10:04:53	6562
LG Corp	pl	pol	LG Group	2004-05-19	16:28:25	4833
LG Corp	fr	fra	LG Group	2005-08-19	10:50:03	12683
LG Corp	bg	bul	LG	2009-01-04	21:19:42	3455
LG Corp	uk	ukr	LG Group	2008-04-03	13:45:06	25508
LG Corp	de	deu	LG Group	2006-01-22	15:24:00	4617
LG Corp	da	dan	LG Group	2010-10-27	08:53:50	2448
LG Corp	fi	fin	LG Group	2007-09-03	14:56:47	1942
LG Corp	hu	hun	LG Group	2007-10-20	18:31:57	6787
LG Corp	ja	jpn	LGグループ	2005-08-17	01:37:05	2328
LG Corp	he	heb	LG	2006-09-03	10:08:52	2605
LG Corp	ms	msa	Kumpulan LG	2006-02-02	07:17:06	3870
LG Corp	kk	kaz	LG Group	2011-11-10	07:22:44	3594
LG Corp	sr	hbs	LG	2011-07-13	08:57:58	1346
LG Corp	ko	kor	LG그룹	2005-08-01	09:39:05	12639
LG Corp	sv	swe	LG-gruppen	2007-02-21	20:29:10	1395
LG Corp	su	sun	LG Group	2007-10-03	00:20:47	3933
LG Corp	so	som	LG	2009-11-20	14:37:02	736
LG Corp	ku	kur	LG	2009-02-19	16:59:01	1904
LG Corp	sl	slv	LG	2009-09-19	15:13:52	2886
Lockheed Martin	en	eng	Lockheed Martin	2002-08-01	07:22:21	30854
Lockheed Martin	zh	zho	洛克希德·马丁	2006-04-07	11:18:54	8496
Lockheed Martin	vi	vie	Lockheed Martin	2006-08-25	06:55:21	8200
Lockheed Martin	ca	cat	Lockheed Martin	2012-08-05	13:43:16	6180
Lockheed Martin	it	ita	Lockheed Martin	2006-05-27	11:13:45	5526
Lockheed Martin	cs	ces	Lockheed Martin	2007-12-01	16:30:41	2534
Lockheed Martin	ar	ara	لوكهيد مارتن	2007-06-11	00:20:12	7460
Lockheed Martin	eu	eus	Lockheed Martin	2011-12-26	20:00:24	2954
Lockheed Martin	id	msa	Lockheed Martin	2005-04-18	20:16:08	4641
Lockheed Martin	es	spa	Lockheed Martin	2006-06-04	13:43:39	3859
Lockheed Martin	ru	rus	Lockheed Martin	2006-09-12	19:54:54	7547
Lockheed Martin	lb	ltz	Lockheed Martin	2006-12-26	14:18:40	1334
Lockheed Martin	nn	nor	Lockheed-Martin	2009-11-22	22:02:32	3318
Lockheed Martin	no	nor	Lockheed Martin	2005-10-22	12:53:58	3098
Lockheed Martin	tr	tur	Lockheed Martin	2008-01-02	22:08:50	4577
Lockheed Martin	lv	lav	Lockheed Martin	2007-04-26	16:41:39	3206
Lockheed Martin	lt	lit	Lockheed Martin	2008-08-07	06:00:25	2294
Lockheed Martin	ro	ron	Lockheed Martin	2006-10-27	13:39:39	2235
Lockheed Martin	pl	pol	Lockheed Martin	2004-11-16	00:29:11	7228
Lockheed Martin	fr	fra	Lockheed Martin	2005-01-01	13:37:18	10276
Lockheed Martin	ms	msa	Lockheed Martin	2007-05-10	14:39:36	2634
Lockheed Martin	fy	fry	Lockheed Martin	2006-12-25	20:07:08	2097
Lockheed Martin	de	deu	Lockheed Martin	2004-03-15	09:39:59	6314
Lockheed Martin	da	dan	Lockheed Martin	2006-09-23	12:17:04	3310
Lockheed Martin	fa	fas	لاکهید مارتین	2006-08-23	20:30:21	6050
Lockheed Martin	bs	hbs	Lockheed Martin	2011-09-27	18:36:47	6655
Lockheed Martin	fi	fin	Lockheed Martin	2006-09-03	14:29:09	2449
Lockheed Martin	ja	jpn	ロッキード・マーティン	2003-12-10	08:54:51	13500
Lockheed Martin	he	heb	לוקהיד מרטין	2005-09-03	22:10:51	13408
Lockheed Martin	pt	por	Lockheed Martin	2005-10-04	11:46:12	2388
Lockheed Martin	sr	hbs	Локид Мартин	2012-02-19	10:56:28	5479
Lockheed Martin	ko	kor	록히드 마틴	2006-03-08	05:00:30	2578
Lockheed Martin	sv	swe	Lockheed Martin	2004-12-14	09:39:18	5940
Lockheed Martin	sk	slk	Lockheed Martin	2007-12-01	20:52:28	2012
Lockheed Martin	uk	ukr	Lockheed Martin	2009-04-21	08:47:47	5136
Lockheed Martin	nl	nld	Lockheed Martin	2005-08-12	09:52:32	3736
Isao Okawa	en	eng	Isao Okawa	2007-09-09	23:08:52	2878
Isao Okawa	ja	jpn	大川功	2007-03-15	05:57:03	3929
Comcast	fr	fra	Comcast	2005-02-12	11:18:33	6927
Comcast	en	eng	Comcast	2003-08-24	16:35:31	82367
Comcast	nl	nld	Comcast Corporation	2008-12-30	14:50:16	5143
Comcast	pt	por	Comcast	2006-06-28	15:15:57	2130
Comcast	de	deu	Comcast	2005-10-13	13:39:32	27615
Comcast	ko	kor	컴캐스트	2008-01-11	08:22:00	1448
Comcast	gl	glg	Comcast	2010-09-25	11:46:49	1836
Comcast	es	spa	Comcast	2006-03-03	01:07:19	3547
Comcast	fi	fin	Comcast	2006-07-21	11:46:11	2024
Comcast	ro	ron	Comcast	2007-08-30	19:03:41	711
Comcast	zh	zho	康卡斯特	2006-09-04	20:34:34	13351
Comcast	ja	jpn	コムキャスト	2007-09-09	12:37:46	2944
Comcast	pl	pol	Comcast	2010-09-01	16:25:46	4653
Toshiba	eo	epo	Toshiba	2008-02-19	18:36:02	1853
Toshiba	en	eng	Toshiba	2002-06-27	04:02:47	28396
Toshiba	zh	zho	东芝	2005-03-20	13:03:34	10055
Toshiba	af	afr	Toshiba	2008-08-13	13:46:04	2677
Toshiba	vi	vie	Toshiba	2006-09-30	22:38:30	4420
Toshiba	is	isl	Toshiba	2007-08-18	10:41:44	1308
Toshiba	it	ita	Toshiba	2006-05-20	08:21:52	6887
Toshiba	ar	ara	توشيبا	2008-03-26	23:52:32	9211
Toshiba	cs	ces	Toshiba	2009-11-10	14:21:05	2850
Toshiba	et	est	Toshiba	2010-09-10	17:19:21	1556
Toshiba	id	msa	Toshiba	2005-04-06	20:31:06	3664
Toshiba	es	spa	Toshiba	2005-08-10	15:03:37	8472
Toshiba	ru	rus	Toshiba	2007-02-05	12:10:11	13156
Toshiba	nl	nld	Toshiba	2006-01-09	01:26:55	4805
Toshiba	pt	por	Toshiba	2006-01-23	23:45:23	3774
Toshiba	no	nor	Toshiba	2007-07-05	16:29:26	2529
Toshiba	tr	tur	Toshiba	2009-11-20	09:36:43	8058
Toshiba	lt	lit	Toshiba	2011-03-12	18:46:35	5005
Toshiba	tg	tgk	Toshiba	2010-03-22	01:37:03	1176
Toshiba	ro	ron	Toshiba	2007-08-31	17:26:15	4049
Toshiba	ca	cat	Toshiba	2008-02-19	15:02:37	6940
Toshiba	pl	pol	Toshiba	2005-10-24	04:19:44	4342
Toshiba	ta	tam	தோஷிபா	2011-07-12	05:53:39	5000
Toshiba	fr	fra	Toshiba	2002-11-09	04:23:29	10773
Toshiba	ms	msa	Toshiba	2007-11-30	01:47:03	1941
Toshiba	hr	hbs	Toshiba	2010-04-24	14:27:41	17039
Toshiba	bn	ben	তোশিবা	2011-04-16	07:42:06	6652
Toshiba	de	deu	Toshiba	2003-06-28	16:17:58	10336
Toshiba	da	dan	Toshiba	2011-04-09	22:17:52	15386
Toshiba	fa	fas	توشیبا	2006-07-10	06:04:46	5611
Toshiba	hi	hin	तोशिबा	2012-03-02	10:20:11	5488
Toshiba	fi	fin	Toshiba	2004-09-22	07:35:37	1695
Toshiba	pnb	lah	توشیبا	2012-01-23	16:24:35	1880
Toshiba	ja	jpn	東芝	2003-03-29	08:40:51	104077
Toshiba	he	heb	טושיבה	2006-07-03	14:40:37	2984
Toshiba	ka	kat	Toshiba	2011-04-06	15:25:12	6539
Toshiba	ckb	kur	کۆمپانیای تۆشیبا	2012-06-27	18:21:33	2629
Toshiba	kk	kaz	Toshіba	2011-09-24	14:37:00	8187
Toshiba	sq	sqi	Toshiba	2006-12-20	23:54:57	2275
Toshiba	uz	uzb	Toshiba	2009-07-03	18:33:55	2133
Toshiba	ko	kor	도시바	2007-04-30	09:48:28	5149
Toshiba	sv	swe	Toshiba	2006-03-08	16:11:18	1661
Toshiba	sk	slk	Tóšiba	2008-02-19	13:07:15	2331
Toshiba	uk	ukr	Toshiba	2008-08-21	06:09:08	9225
Toshiba	hu	hun	Toshiba	2011-09-01	10:45:42	6144
Schlumberger	ru	rus	Schlumberger	2006-07-04	09:35:42	11148
Schlumberger	fr	fra	Schlumberger (entreprise)	2005-09-18	10:44:08	7370
Schlumberger	en	eng	Schlumberger	2004-02-09	08:52:51	18419
Schlumberger	nl	nld	Schlumberger	2006-10-21	19:36:56	3424
Schlumberger	pt	por	Schlumberger	2011-09-30	16:24:46	4056
Schlumberger	no	nor	Schlumberger	2007-06-04	22:42:20	1479
Schlumberger	kk	kaz	Шлюмберже	2008-11-12	03:37:25	5392
Schlumberger	de	deu	Schlumberger (Unternehmen)	2006-03-21	10:35:38	5638
Schlumberger	fa	fas	شلومبرگر	2012-10-10	01:15:46	10995
Schlumberger	ar	ara	شلمبرجير	2008-05-26	09:37:21	2591
Schlumberger	zh	zho	施蘭卜吉	2009-04-10	04:03:48	2115
Schlumberger	my	mya	ဆလမ်ဘာဂျာ	2010-07-14	04:37:34	3859
Schlumberger	ja	jpn	シュルンベルジェ	2007-10-07	19:51:30	3357
Schlumberger	pl	pol	Schlumberger	2010-09-13	22:19:12	4048
Benesse	de	deu	Benesse Corporation	2005-07-04	09:03:04	1741
Benesse	en	eng	Benesse	2005-07-04	09:23:27	1793
Benesse	ja	jpn	ベネッセコーポレーション	2004-04-13	10:24:15	18795
Olympus Corporation	eo	epo	Olympus	2006-02-05	12:13:08	3329
Olympus Corporation	en	eng	Olympus Corporation	2002-06-15	01:31:19	22296
Olympus Corporation	zh	zho	奧林巴斯	2007-01-08	09:32:45	9299
Olympus Corporation	it	ita	Olympus	2005-12-15	15:07:08	20043
Olympus Corporation	cs	ces	Olympus	2006-07-26	17:07:57	7382
Olympus Corporation	id	msa	Olympus Corporation	2007-01-22	07:58:13	1726
Olympus Corporation	es	spa	Olympus	2005-12-13	17:23:58	9475
Olympus Corporation	ru	rus	Olympus	2007-06-19	09:47:28	9538
Olympus Corporation	nl	nld	Olympus Corporation	2005-09-20	21:52:05	1495
Olympus Corporation	pt	por	Olympus	2007-07-19	12:49:04	2573
Olympus Corporation	la	lat	Olympus (societas)	2012-08-09	08:06:54	1092
Olympus Corporation	tr	tur	Olympus (şirket)	2008-03-09	12:04:15	1586
Olympus Corporation	ro	ron	Olympus Corporation	2009-01-17	08:14:38	2877
Olympus Corporation	pl	pol	Olympus	2006-06-03	14:34:16	4463
Olympus Corporation	ta	tam	ஒலிம்பஸ் கார்ப்பரேஷன்	2011-07-12	19:03:45	4213
Olympus Corporation	fr	fra	Olympus Corporation	2006-01-29	17:44:31	15601
Olympus Corporation	bn	ben	অলিম্পাস কর্পোরেশন	2006-11-04	09:50:19	1887
Olympus Corporation	de	deu	Olympus	2004-05-06	07:06:05	31938
Olympus Corporation	fi	fin	Olympus (yhtiö)	2006-07-04	09:09:12	5671
Olympus Corporation	pnb	lah	اولمپس	2012-01-23	15:43:39	1740
Olympus Corporation	ja	jpn	オリンパス	2004-03-19	06:39:44	40284
Olympus Corporation	sr	hbs	Олимпус	2010-02-07	11:37:59	5126
Olympus Corporation	ko	kor	올림푸스	2007-12-30	02:17:04	5871
Olympus Corporation	sv	swe	Olympus	2006-03-27	12:17:10	3048
Olympus Corporation	uk	ukr	Olympus	2012-01-03	13:06:16	10363
DirecTV	ru	rus	DirecTV	2006-12-22	19:31:31	2272
DirecTV	fr	fra	DirecTV	2004-09-18	08:17:53	1544
DirecTV	en	eng	DirecTV	2002-08-30	04:42:29	73544
DirecTV	nl	nld	DIRECTV	2005-09-23	06:57:00	3680
DirecTV	pt	por	DirecTV	2006-02-17	19:22:10	7540
DirecTV	ml	mal	ഡയറക് ടിവി	2009-06-29	19:22:31	14491
DirecTV	de	deu	DirecTV	2006-09-07	11:11:30	6210
DirecTV	ko	kor	DirecTV	2008-06-18	00:06:13	1695
DirecTV	it	ita	DirecTV	2011-06-27	19:52:25	100889
DirecTV	tr	tur	DirecTV	2008-08-27	15:43:32	7788
DirecTV	es	spa	DirecTV	2005-07-15	03:06:29	21681
DirecTV	ms	msa	DirecTV	2008-11-03	13:05:54	4012
DirecTV	id	msa	DirecTV	2008-11-22	13:18:20	9123
DirecTV	fi	fin	DirecTV	2008-02-27	07:33:18	3279
DirecTV	zh	zho	DirecTV	2006-06-21	16:20:56	6131
DirecTV	ja	jpn	ディレクTV	2004-02-21	22:38:05	19946
DirecTV	pl	pol	DirecTV	2010-10-24	15:45:14	1374
Shell	el	ell	Κέλυφος	2012-01-04	15:54:31	1469
Shell	eo	epo	Ŝelo	2003-02-12	21:51:59	1058
Shell	en	eng	Shell	2001-09-26	11:39:22	2496
Shell	zh	zho	殼	2007-01-25	05:09:44	975
Shell	it	ita	Shell	2006-02-04	09:00:31	820
Shell	cs	ces	Shell	2008-08-03	20:31:51	2005
Shell	io	ido	Shelo	2009-12-26	23:26:14	847
Shell	eu	eus	Shell	2007-11-19	14:20:07	680
Shell	es	spa	Shell	2003-07-17	12:30:14	1016
Shell	ru	rus	Шелл	2006-03-14	11:29:23	1431
Shell	nl	nld	Shell	2003-06-23	17:07:47	848
Shell	pt	por	Shell (desambiguação)	2008-10-09	08:54:02	836
Shell	ro	ron	Shell	2008-06-17	04:18:34	868
Shell	pl	pol	Muszla (ujednoznacznienie)	2005-10-12	00:22:27	1079
Shell	fr	fra	Shell	2004-10-31	21:58:07	1809
Shell	hr	hbs	Ljuska	2009-01-15	18:28:36	1269
Shell	de	deu	Shell	2002-12-04	14:54:48	1344
Shell	hu	hun	Shell (egyértelműsítő lap)	2007-04-25	19:36:11	644
Shell	fa	fas	شل (ابهام‌زدایی)	2011-10-30	13:24:52	919
Shell	ja	jpn	シェル (曖昧さ回避)	2007-03-19	03:06:01	1705
Shell	he	heb	של (פירושונים)	2009-07-31	21:22:11	1463
Shell	ka	kat	ნიჟარა (მრავალმნიშვნელოვანი)	2012-02-22	07:07:26	1097
Shell	sr	hbs	Шел	2006-04-16	16:10:35	1818
Shell	sv	swe	Skal	2005-01-14	19:32:59	585
InterDigital	en	eng	InterDigital	2009-09-25	21:05:08	6442
Nokia Siemens Networks	el	ell	Nokia Siemens Networks	2006-06-20	08:19:37	2907
Nokia Siemens Networks	fr	fra	Nokia Siemens Networks	2007-08-08	10:57:59	5006
Nokia Siemens Networks	bg	bul	Нокиа Сименс Нетуъркс	2012-02-11	12:14:27	16514
Nokia Siemens Networks	zh	zho	诺基亚西门子通信	2007-04-28	01:11:37	3909
Nokia Siemens Networks	pt	por	Nokia Siemens Networks	2007-09-12	17:43:11	2266
Nokia Siemens Networks	no	nor	Nokia Siemens Networks	2007-04-01	18:34:04	1764
Nokia Siemens Networks	ml	mal	നോക്കിയ സീമെന്‍സ്‌ നെറ്റ്‌വര്‍ക്ക്സ്	2011-09-14	17:44:52	4017
Nokia Siemens Networks	de	deu	Nokia Siemens Networks	2007-03-15	17:58:24	11640
Nokia Siemens Networks	it	ita	Nokia Siemens Networks	2006-06-19	10:14:24	15284
Nokia Siemens Networks	hu	hun	Nokia Siemens Networks	2008-12-29	03:41:04	10175
Nokia Siemens Networks	en	eng	Nokia Siemens Networks	2006-06-19	10:51:04	15689
Nokia Siemens Networks	fi	fin	Nokia Siemens Networks	2006-06-20	17:01:46	16698
Nokia Siemens Networks	ru	rus	Nokia Siemens Networks	2006-11-09	10:38:31	13681
Nokia Siemens Networks	sv	swe	Nokia Siemens Networks	2007-04-24	08:03:36	3688
Nokia Siemens Networks	id	msa	Nokia Siemens Networks	2008-10-04	19:29:43	3805
Nokia Siemens Networks	pl	pol	Nokia Siemens Networks	2009-09-10	15:46:58	11028
Nokia Siemens Networks	he	heb	Nokia Siemens Networks	2010-01-02	15:13:57	2091
Berwind Corporation	en	eng	Berwind Corporation	2010-01-02	19:27:49	1936
MasterCard	sah	sah	MasterCard	2012-01-07	11:40:31	3256
MasterCard	zh	zho	万事达卡	2005-10-07	07:55:51	3348
MasterCard	vi	vie	MasterCard	2008-04-10	08:57:29	3045
MasterCard	it	ita	MasterCard	2007-03-03	02:18:05	2408
MasterCard	ar	ara	ماستركارد	2009-02-08	20:34:33	3847
MasterCard	cs	ces	MasterCard	2010-03-09	22:08:36	1389
MasterCard	id	msa	MasterCard	2006-12-08	12:38:52	10857
MasterCard	es	spa	MasterCard	2007-07-17	15:20:08	18429
MasterCard	ru	rus	MasterCard	2005-04-12	14:33:40	12520
MasterCard	nl	nld	MasterCard	2008-03-02	16:30:17	2420
MasterCard	pt	por	MasterCard	2007-01-12	21:46:59	3813
MasterCard	no	nor	MasterCard	2008-08-11	20:26:26	1526
MasterCard	tr	tur	MasterCard	2008-01-22	22:01:31	2179
MasterCard	lt	lit	MasterCard	2011-04-14	19:07:04	1718
MasterCard	en	eng	MasterCard	2003-11-25	11:44:21	32988
MasterCard	pl	pol	MasterCard	2006-11-18	07:05:00	2488
MasterCard	ta	tam	மாஸ்டர்கார்டு	2011-07-03	18:43:56	3159
MasterCard	fr	fra	MasterCard	2006-06-17	22:06:06	6410
MasterCard	de	deu	MasterCard	2003-01-23	10:07:35	7934
MasterCard	da	dan	MasterCard	2007-10-13	14:21:54	1424
MasterCard	fa	fas	مسترکارت	2012-10-16	08:11:59	5797
MasterCard	hi	hin	मास्टर कार्ड	2011-02-12	09:52:13	2345
MasterCard	fi	fin	MasterCard	2006-03-30	17:49:47	3484
MasterCard	ja	jpn	マスターカード	2004-04-06	15:33:54	17491
MasterCard	sr	hbs	Мастеркард	2007-02-20	19:23:39	1397
MasterCard	ko	kor	마스타카드	2008-03-02	16:40:25	2554
MasterCard	sv	swe	Mastercard	2006-02-09	12:12:56	1728
MasterCard	uk	ukr	MasterCard	2011-06-08	12:41:10	16725
Steelcase	fr	fra	Steelcase	2009-12-20	12:13:39	1863
Steelcase	de	deu	Steelcase	2009-06-30	12:10:34	4913
Steelcase	ko	kor	스틸케이스	2010-09-25	06:41:16	1077
Steelcase	ja	jpn	スチールケース	2008-09-28	14:33:27	2409
Steelcase	en	eng	Steelcase	2005-08-30	17:12:31	13363
Mars, Incorporated	sah	sah	Mars	2009-09-07	17:34:08	5494
Mars, Incorporated	zh	zho	瑪氏食品	2010-05-22	06:57:10	1438
Mars, Incorporated	it	ita	Mars (azienda)	2007-06-04	14:07:18	8888
Mars, Incorporated	ar	ara	مارس المتحدة	2008-11-21	18:00:14	4940
Mars, Incorporated	id	msa	Mars Incorporated	2008-07-11	00:14:56	7834
Mars, Incorporated	es	spa	Mars, Incorporated	2010-08-05	14:09:45	3471
Mars, Incorporated	ru	rus	Mars	2006-03-21	10:49:07	16316
Mars, Incorporated	lb	ltz	Mars Incorporated	2007-04-11	12:25:04	1084
Mars, Incorporated	pt	por	Mars, Incorporated	2007-09-15	05:56:33	2133
Mars, Incorporated	no	nor	Mars, Incorporated	2005-08-08	20:17:39	2490
Mars, Incorporated	en	eng	Mars, Incorporated	2003-06-13	04:41:52	31360
Mars, Incorporated	ro	ron	Mars Incorporated	2007-08-28	11:38:27	2847
Mars, Incorporated	pl	pol	Mars Incorporated	2007-01-07	02:38:17	6035
Mars, Incorporated	be	bel	Mars	2008-05-17	10:46:01	2787
Mars, Incorporated	fr	fra	Mars Incorporated	2004-01-25	10:42:14	24766
Mars, Incorporated	de	deu	Mars Incorporated	2003-12-05	19:35:04	8543
Mars, Incorporated	da	dan	Mars Incorporated	2006-11-19	17:05:10	3594
Mars, Incorporated	fi	fin	Mars (yritys)	2009-03-01	18:44:41	2745
Mars, Incorporated	ja	jpn	マース (企業)	2009-03-15	13:24:15	2410
Mars, Incorporated	he	heb	מארס (חברה)	2012-05-31	09:16:12	4745
Mars, Incorporated	ko	kor	마즈 인코퍼레이티드	2011-07-30	14:00:09	2673
Mars, Incorporated	sv	swe	Mars Incorporated	2005-02-12	15:20:53	1284
Mars, Incorporated	nl	nld	Mars Incorporated	2005-05-24	15:59:04	3724
Hallmark Cards	de	deu	Hallmark	2008-04-30	17:29:05	1085
Hallmark Cards	en	eng	Hallmark Cards	2003-09-28	18:51:20	14418
Hallmark Cards	id	msa	Hallmark	2006-11-05	15:27:25	2186
Hallmark Cards	pt	por	Hallmark Cards	2008-10-19	17:01:31	3293
Humana	fr	fra	Humana	2008-03-30	12:32:08	4157
Humana	en	eng	Humana	2004-06-02	20:19:53	20946
Humana	de	deu	Humana	2007-02-28	18:30:38	322
Humana	ko	kor	휴매나	2008-05-03	01:50:02	4413
Humana	es	spa	Humana Inc.	2002-02-07	10:08:07	7254
Humana	pl	pol	Humana	2009-06-05	08:51:46	3506
Panasonic	eo	epo	Matsushita	2008-01-16	10:06:13	2200
Panasonic	en	eng	Panasonic	2002-09-29	03:41:05	27906
Panasonic	zh	zho	松下電器	2006-02-02	15:27:48	12499
Panasonic	wuu	zho	松下电器	2008-10-16	12:02:37	2347
Panasonic	pms	pms	Matsushita	2008-01-17	15:38:40	1134
Panasonic	vi	vie	Matsushita (công ty)	2008-07-05	06:05:45	3885
Panasonic	it	ita	Panasonic Corporation	2006-03-27	21:36:48	5113
Panasonic	ar	ara	شركة باناسونيك	2008-09-17	14:34:57	6995
Panasonic	cs	ces	Panasonic Corporation	2008-03-06	10:30:05	1546
Panasonic	et	est	Panasonic Corporation	2004-02-22	21:01:57	1635
Panasonic	id	msa	Panasonic Corporation	2006-09-15	23:53:18	4969
Panasonic	es	spa	Panasonic Corp	2004-03-06	20:44:40	8201
Panasonic	ru	rus	Panasonic	2006-09-20	06:12:42	20044
Panasonic	nl	nld	Panasonic Corporation	2005-03-21	20:36:30	5388
Panasonic	pt	por	Matsushita	2006-05-11	20:12:18	1690
Panasonic	tr	tur	Matsushita	2008-05-11	19:48:44	1832
Panasonic	th	tha	พานาโซนิค คอร์ปอเรชั่น	2010-06-02	10:52:18	5597
Panasonic	ro	ron	Matsushita Electric	2007-08-31	19:06:00	2001
Panasonic	pl	pol	Panasonic Corporation	2005-10-24	03:54:53	7770
Panasonic	fr	fra	Panasonic Corporation	2005-06-26	00:52:36	7952
Panasonic	ms	msa	Panasonic Corporation	2009-12-04	07:31:54	13189
Panasonic	hr	hbs	Panasonic	2012-05-05	05:49:00	1278
Panasonic	de	deu	Panasonic Corporation	2004-07-06	14:41:45	11953
Panasonic	fa	fas	پاناسونیک	2009-02-04	11:42:03	6113
Panasonic	fi	fin	Panasonic	2006-01-17	14:20:47	2961
Panasonic	ja	jpn	パナソニック	2003-03-04	15:35:42	122516
Panasonic	he	heb	פנסוניק	2012-05-24	07:59:18	4864
Panasonic	kk	kaz	Panasonic	2011-11-02	05:50:26	14567
Panasonic	sr	hbs	Панасоник	2011-07-15	14:42:08	2253
Panasonic	ko	kor	파나소닉	2006-07-13	15:22:21	3033
Panasonic	sv	swe	Panasonic Corporation	2005-06-13	00:09:15	1604
Panasonic	sk	slk	Panasonikku	2012-06-05	17:53:37	6846
Panasonic	uk	ukr	Panasonic Corporation	2008-10-02	06:43:39	9300
