Lang_Code	Lang_Name	Lang_Long_Name	Num_Speakers_M	Blurb
aar	Afar	Afar	1.5	
aaz	Amarasi	Amarasi	-1	
abi	Abidji	Abidji	-1	
abk	Abkhazian	Abkhazian	0.125	
abq	Abaza	Abaza	-1	
abx	Inabaknon	Inabaknon	-1	
aby	Aneme Wake	Aneme Wake	-1	
acd	Gikyode	Gikyode	-1	
ace	Achinese	Achinese	3	
acf	Saint Lucian Creole French	Saint Lucian Creole French	-1	
ach	Acoli	Acoli	-1	
acr	Achi	Achi	-1	
adj	Adioukrou	Adioukrou	-1	
ady	Adyghe	Adyghe	-1	
aee	Northeast Pashayi	Northeast Pashayi	-1	
afr	Afrikaans	Afrikaans	13	
agq	Aghem	Aghem	-1	
agr	Aguaruna	Aguaruna	-1	
agt	Central Cagayan Agta	Central Cagayan Agta	-1	
agx	Aghul	Aghul	-1	
aho	Ahom	Ahom	-1	
aht	Ahtena	Ahtena	-1	
ain	Ainu (Japan)	Ainu (Japan)	-1	
ajg	Aja (Benin)	Aja (Benin)	-1	
aji	Ajië	Ajië	-1	
aka	Akan	Akan	34	
akc	Mpur	Mpur	-1	
ake	Akawaio	Akawaio	-1	
akk	Akkadian	Akkadian	-1	
akl	Aklanon	Aklanon	-1	
akp	Siwu	Siwu	-1	
alq	Algonquin	Algonquin	-1	
alt	Southern Altai	Southern Altai	-1	
amh	Amharic	Amharic	25	
amm	Ama (Papua New Guinea)	Ama (Papua New Guinea)	-1	
amx	Anmatyerre	Anmatyerre	-1	
ane	Xârâcùù	Xârâcùù	-1	
ang	Old English (ca. 450-1100)	Old English (ca. 450-1100)	-1	
anv	Denya	Denya	-1	
any	Anyin	Anyin	-1	
aoi	Anindilyakwa	Anindilyakwa	-1	
aom	Ömie	Ömie	-1	
ape	Bukiyip	Bukiyip	-1	
apm	Mescalero-Chiricahua Apache	Mescalero-Chiricahua Apache	-1	
apn	Apinayé	Apinayé	-1	
apr	Arop-Lokep	Arop-Lokep	-1	
apw	Western Apache	Western Apache	-1	
apz	Safeyoka	Safeyoka	-1	
ara	Arabic	Arabic	606	
arc	Official Aramaic (700-300 BCE)	Official Aramaic (700-300 BCE)	2	
are	Western Arrarnta	Western Arrarnta	-1	
arg	Aragonese	Aragonese	0.01	
ari	Arikara	Arikara	-1	
ark	Arikapú	Arikapú	-1	
arn	Mapudungun	Mapudungun	-1	
arp	Arapaho	Arapaho	-1	
arw	Arawak	Arawak	-1	
arx	Aruá (Rodonia State)	Aruá (Rodonia State)	-1	
asm	Assamese	Assamese	13	
aso	Dano	Dano	-1	
ast	Asturian	Asturian	0.275	
atb	Zaiwa	Zaiwa	-1	
atd	Ata Manobo	Ata Manobo	-1	
ati	Attié	Attié	-1	
atj	Atikamekw	Atikamekw	-1	
ats	Gros Ventre	Gros Ventre	-1	
att	Pamplona Atta	Pamplona Atta	-1	
atv	Northern Altai	Northern Altai	-1	
auu	Auye	Auye	-1	
auv	Auvergnat	Auvergnat	-1	
ava	Avaric	Avaric	0.06	
ave	Avestan	Avestan	-1	
awa	Awadhi	Awadhi	-1	
axk	Yaka (Central African Republic)	Yaka (Central African Republic)	-1	
axm	Middle Armenian	Middle Armenian	-1	
aym	Aymara	Aymara	2	
ayt	Magbukun Ayta	Magbukun Ayta	-1	
aze	Azerbaijani	Azerbaijani	27	
azr	Adzera	Adzera	-1	
azz	Highland Puebla Nahuatl	Highland Puebla Nahuatl	-1	
bak	Bashkir	Bashkir	2	
bal	Baluchi	Baluchi	-1	
bam	Bambara	Bambara	6	
bar	Bavarian	Bavarian	12	
bas	Basa (Cameroon)	Basa (Cameroon)	-1	
bav	Vengo	Vengo	-1	
bay	Batuley	Batuley	-1	
bba	Baatonum	Baatonum	-1	
bbb	Barai	Barai	-1	
bbj	Ghomálá'	Ghomálá'	-1	
bca	Central Bai	Central Bai	-1	
bci	Baoulé	Baoulé	-1	
bcj	Bardi	Bardi	-1	
bcq	Bench	Bench	-1	
bcw	Bana	Bana	-1	
bdm	Buduma	Buduma	-1	
bdy	Bandjalang	Bandjalang	-1	
beh	Biali	Biali	-1	
bel	Belarusian	Belarusian	6	
bem	Bemba (Zambia)	Bemba (Zambia)	-1	
ben	Bengali	Bengali	230	
beq	Beembe	Beembe	-1	
bet	Guiberoua Béte	Guiberoua Béte	-1	
bev	Daloa Bété	Daloa Bété	-1	
bfd	Bafut	Bafut	-1	
bho	Bhojpuri	Bhojpuri	-1	
bhy	Bhele	Bhele	-1	
bib	Bissa	Bissa	-1	
bik	Bikol	Bikol	2	
bim	Bimoba	Bimoba	-1	
bis	Bislama	Bislama	-1	
biv	Southern Birifor	Southern Birifor	-1	
bji	Burji	Burji	-1	
bjt	Balanta-Ganja	Balanta-Ganja	-1	
bkb	Finallig	Finallig	-1	
bkc	Baka (Cameroon)	Baka (Cameroon)	-1	
bkd	Binukid	Binukid	-1	
bkm	Kom (Cameroon)	Kom (Cameroon)	-1	
bla	Siksika	Siksika	-1	
blw	Balangao	Balangao	-1	
bmy	Bemba (Democratic Republic of Congo)	Bemba (Democratic Republic of Congo)	-1	
bnc	Bontok	Bontok	-1	
bno	Bantoanon	Bantoanon	-1	
bod	Tibetan	Tibetan	7	
bov	Tuwuli	Tuwuli	-1	
box	Buamu	Buamu	-1	
bpr	Koronadal Blaan	Koronadal Blaan	-1	
bps	Sarangani Blaan	Sarangani Blaan	-1	
bpy	Bishnupriya	Bishnupriya	0.45	
bra	Braj	Braj	-1	
bre	Breton	Breton	0.25	
brh	Brahui	Brahui	-1	
bsk	Burushaski	Burushaski	-1	
bss	Akoose	Akoose	-1	
bst	Basketo	Basketo	-1	
btg	Gagnoa Bété	Gagnoa Bété	-1	
bua	Buriat	Buriat	0.4	
bug	Buginese	Buginese	4	
bul	Bulgarian	Bulgarian	12	
bum	Bulu (Cameroon)	Bulu (Cameroon)	-1	
buu	Budu	Budu	-1	
bvr	Burarra	Burarra	-1	
bvz	Bauzi	Bauzi	-1	
bwi	Baniwa	Baniwa	-1	
bwu	Buli (Ghana)	Buli (Ghana)	-1	
byv	Medumba	Medumba	-1	
bzj	Belize Kriol English	Belize Kriol English	-1	
caa	Chortí	Chortí	-1	
cab	Garifuna	Garifuna	-1	
cag	Nivaclé	Nivaclé	-1	
cak	Kaqchikel	Kaqchikel	-1	
car	Galibi Carib	Galibi Carib	-1	
cat	Catalan	Catalan	9	
cay	Cayuga	Cayuga	-1	
cbk	Chavacano	Chavacano	-1	
cbs	Cashinahua	Cashinahua	-1	
cbt	Chayahuita	Chayahuita	-1	
ceb	Cebuano	Cebuano	20	
ces	Czech	Czech	12	
cgc	Kagayanen	Kagayanen	-1	
cha	Chamorro	Chamorro	0.06	
chc	Catawba	Catawba	-1	
che	Chechen	Chechen	1	
chg	Chagatai	Chagatai	-1	
chk	Chuukese	Chuukese	-1	
chl	Cahuilla	Cahuilla	-1	
chm	Mari (Russia)	Mari (Russia)	0.6	
cho	Choctaw	Choctaw	0.02	
chp	Chipewyan	Chipewyan	-1	
chr	Cherokee	Cherokee	0.018	
chs	Chumash	Chumash	-1	
chu	Church Slavic	Church Slavic	-1	
chv	Chuvash	Chuvash	1	
chy	Cheyenne	Cheyenne	0.000712	
chz	Ozumacín Chinantec	Ozumacín Chinantec	-1	
cim	Cimbrian	Cimbrian	-1	
cjk	Chokwe	Chokwe	-1	
cjo	Ashéninka Pajonal	Ashéninka Pajonal	-1	
cjs	Shor	Shor	-1	
cjv	Chuave	Chuave	-1	
cko	Anufo	Anufo	-1	
ckt	Chukot	Chukot	-1	
cme	Cerma	Cerma	-1	
cni	Asháninka	Asháninka	-1	
coe	Koreguaje	Koreguaje	-1	
coj	Cochimi	Cochimi	-1	
com	Comanche	Comanche	-1	
cop	Coptic	Coptic	-1	
coq	Coquille	Coquille	-1	
cor	Cornish	Cornish	0.000245	
cos	Corsican	Corsican	0.25	
cot	Caquinte	Caquinte	-1	
cre	Cree	Cree	0.117	
crg	Michif	Michif	-1	
crh	Crimean Tatar	Crimean Tatar	0.456	
cro	Crow	Crow	-1	
crs	Seselwa Creole French	Seselwa Creole French	-1	
csb	Kashubian	Kashubian	0.05	
ctu	Chol	Chol	-1	
cuk	San Blas Kuna	San Blas Kuna	-1	
cul	Culina	Culina	-1	
cuv	Cuvok	Cuvok	-1	
cym	Welsh	Welsh	0.75	
daa	Dangaléat	Dangaléat	-1	
daf	Dan	Dan	-1	
dag	Dagbani	Dagbani	-1	
dak	Dakota	Dakota	-1	
dan	Danish	Danish	6	
dar	Dargwa	Dargwa	-1	
dbq	Daba	Daba	-1	
ddn	Dendi (Benin)	Dendi (Benin)	-1	
ded	Dedua	Dedua	-1	
del	Delaware	Delaware	-1	
dep	Pidgin Delaware	Pidgin Delaware	-1	
des	Desano	Desano	-1	
deu	German	German	185	
dga	Southern Dagaare	Southern Dagaare	-1	
dgi	Northern Dagara	Northern Dagara	-1	
dgr	Dogrib	Dogrib	-1	
dgz	Daga	Daga	-1	
dhv	Dehu	Dehu	-1	
dih	Kumiai	Kumiai	-1	
div	Dhivehi	Dhivehi	0.3	
djc	Dar Daju Daju	Dar Daju Daju	-1	
dje	Zarma	Zarma	-1	
dji	Djinang	Djinang	-1	
djj	Djeebbana	Djeebbana	-1	
djk	Eastern Maroon Creole	Eastern Maroon Creole	-1	
djr	Djambarrpuyngu	Djambarrpuyngu	-1	
dlg	Dolgan	Dolgan	-1	
dng	Dungan	Dungan	-1	
dnk	Dengka	Dengka	-1	
dnn	Dzùùngoo	Dzùùngoo	-1	
doc	Northern Dong	Northern Dong	-1	
doi	Dogri (macrolanguage)	Dogri (macrolanguage)	-1	
dos	Dogosé	Dogosé	-1	
dow	Doyayo	Doyayo	-1	
drs	Gedeo	Gedeo	-1	
dsb	Lower Sorbian	Lower Sorbian	0.014	
dsh	Daasanach	Daasanach	-1	
dts	Toro So Dogon	Toro So Dogon	-1	
dua	Duala	Duala	-1	
due	Umiray Dumaget Agta	Umiray Dumaget Agta	-1	
dum	Middle Dutch (ca. 1050-1350)	Middle Dutch (ca. 1050-1350)	-1	
dur	Dii	Dii	-1	
duu	Drung	Drung	-1	
dyi	Djimini Senoufo	Djimini Senoufo	-1	
dyo	Jola-Fonyi	Jola-Fonyi	-1	
dyu	Dyula	Dyula	-1	
dzg	Dazaga	Dazaga	-1	
dzo	Dzongkha	Dzongkha	0.6	
efi	Efik	Efik	-1	
egy	Egyptian (Ancient)	Egyptian (Ancient)	-1	
eip	Eipomek	Eipomek	-1	
ekm	Elip	Elip	-1	
ell	Modern Greek (1453-)	Greek (Modern, post 1453)	15	
eme	Emerillon	Emerillon	-1	
eml	Emiliano-Romagnolo		2	
enf	Forest Enets	Forest Enets	-1	
eng	English	English	1500	With more than 1.5b speakers, English is the most widely spoken language on earth and is the major global hub for linguistic connections.
enh	Tundra Enets	Tundra Enets	-1	
enm	Middle English (1100-1500)	Middle English (1100-1500)	-1	
epo	Esperanto	Esperanto	1	
erk	South Efate	South Efate	-1	
ess	Central Siberian Yupik	Central Siberian Yupik	-1	
est	Estonian	Estonian	1.07	
esu	Central Yupik	Central Yupik	-1	
etr	Edolo	Edolo	-1	
ett	Etruscan	Etruscan	-1	
eus	Basque	Basque	1	
eve	Even	Even	-1	
evn	Evenki	Evenki	-1	
ewe	Ewe	Ewe	4	
ewo	Ewondo	Ewondo	-1	
ext	Extremaduran	Extremaduran	0.5	
faa	Fasu	Fasu	-1	
fak	Fang (Cameroon)	Fang (Cameroon)	-1	
fan	Fang (Equatorial Guinea)	Fang (Equatorial Guinea)	-1	
fao	Faroese	Faroese	0.07	
fas	Persian	Persian	107	
fij	Fijian	Fijian	0.55	
fil	Filipino (macrolanguage)	Filipino (macrolanguage)	90	
fin	Finnish	Finnish	6	
fkv	Kven Finnish	Kven Finnish	-1	
flm	Falam Chin	Falam Chin	-1	
flr	Fuliiru	Fuliiru	-1	
fmp	Fe'fe'	Fe'fe'	-1	
fod	Foodo	Foodo	-1	
fon	Fon	Fon	-1	
fra	French	French	200	Once the eponymous lingua franca, French has waned relative to English in its global reach, but is still a major node for linguistic connections. Cultures as disparate as Korean, Persian and Russian have significant populations who speak the language of Voltaire and Hugo.
fri	Western Frisian	Western Frisian	-1	
frm	Middle French (ca. 1400-1600)	Middle French (ca. 1400-1600)	-1	
fro	Old French (842-ca. 1400)	Old French (842-ca. 1400)	-1	
frp	Arpitan	Arpitan	0.113	
frr	Northern Frisian	Northern Frisian	0.01	
frs	Eastern Frisian	Eastern Frisian	-1	
fry	Western Frisian	Western Frisian	0.65	
ful	Fulah	Fulah	13	
fun	Fulniô	Fulniô	-1	
fur	Friulian	Friulian	0.794	
fwa	Fwâi	Fwâi	-1	
gad	Gaddang	Gaddang	-1	
gag	Gagauz	Gagauz	0.16	
gba	Gbaya (Central African Republic)	Gbaya (Central African Republic)	-1	
gbb	Kaytetye	Kaytetye	-1	
gbr	Gbagyi	Gbagyi	-1	
gcc	Mali	Mali	-1	
gcf	Guadeloupean Creole French	Guadeloupean Creole French	-1	
gcr	Guianese Creole French	Guianese Creole French	-1	
gde	Gude	Gude	-1	
gen	Geman Deng	Geman Deng	-1	
gez	Geez	Geez	-1	
ghs	Guhu-Samane	Guhu-Samane	-1	
gia	Kitja	Kitja	-1	
gil	Gilbertese	Gilbertese	-1	
gjn	Gonja	Gonja	-1	
gla	Scottish Gaelic	Scottish Gaelic	0.07	
gld	Nanai	Nanai	-1	
gle	Irish	Irish	0.53	
glg	Galician	Galician	4	
glh	Northwest Pashayi	Northwest Pashayi	-1	
glk	Gilaki	Gilaki	3	
glv	Manx	Manx	0.002	
gmh	Middle High German (ca. 1050-1500)	Middle High German (ca. 1050-1500)	-1	
gml	Middle Low German	Middle Low German	-1	
gna	Kaansa	Kaansa	-1	
gnd	Zulgo-Gemzek	Zulgo-Gemzek	-1	
gng	Ngangam	Ngangam	-1	
gnn	Gumatj	Gumatj	-1	
goh	Old High German (ca. 750-1050)	Old High German (ca. 750-1050)	-1	
got	Gothic	Gothic	-1	
grc	Ancient Greek (to 1453)	Ancient Greek (to 1453)	-1	
grn	Guarani	Guarani	7	
gsc	Gascon	Gascon	-1	
gsw	Swiss German	Swiss German	-1	
guc	Wayuu	Wayuu	-1	
gud	Yocoboué Dida	Yocoboué Dida	-1	
gue	Gurinji	Gurinji	-1	
guj	Gujarati	Gujarati	46	
gul	Sea Island Creole English	Sea Island Creole English	-1	
gup	Gunwinggu	Gunwinggu	-1	
gur	Farefare	Farefare	-1	
guw	Gun	Gun	-1	
gux	Gourmanchéma	Gourmanchéma	-1	
gvn	Kuku-Yalanji	Kuku-Yalanji	-1	
gwa	Mbato	Mbato	-1	
gwi	Gwichʼin	Gwichʼin	-1	
hag	Hanga	Hanga	-1	
hai	Haida	Haida	-1	
hat	Haitian	Haitian	12	
hau	Hausa	Hausa	39	
haw	Hawaiian	Hawaiian	0.027	
haz	Hazaragi	Hazaragi	-1	
hbs	Serbo-Croatian	Serbo-Croatian	44	
hch	Huichol	Huichol	-1	
hdy	Hadiyya	Hadiyya	-1	
heb	Hebrew	Hebrew	10	
hem	Hemba	Hemba	-1	
her	Herero	Herero	-1	
hid	Hidatsa	Hidatsa	-1	
hif	Fiji Hindi	Fiji Hindi	0.46	
hil	Hiligaynon	Hiligaynon	-1	
hin	Hindi	Hindi	550	
hit	Hittite	Hittite	-1	
hke	Hunde	Hunde	-1	
hlb	Halbi	Halbi	-1	
hmb	Humburi Senni Songhay	Humburi Senni Songhay	-1	
hmn	Hmong	Hmong	-1	
hmo	Hiri Motu	Hiri Motu	0.12	
hni	Hani	Hani	-1	
hnn	Hanunoo	Hanunoo	-1	
hns	Caribbean Hindustani	Caribbean Hindustani	-1	
hop	Hopi	Hopi	-1	
hoz	Hozo	Hozo	-1	
hsb	Upper Sorbian	Upper Sorbian	0.04	
hss	Harsusi	Harsusi	-1	
hub	Huambisa	Huambisa	-1	
hun	Hungarian	Hungarian	15	
hur	Halkomelem	Halkomelem	-1	
hye	Armenian	Armenian	6	
iai	Iaai	Iaai	-1	
iba	Iban	Iban	-1	
ibd	Iwaidja	Iwaidja	-1	
ibg	Ibanag	Ibanag	-1	
ibl	Ibaloi	Ibaloi	-1	
ibo	Igbo	Igbo	22	
idd	Ede Idaca	Ede Idaca	-1	
ido	Ido	Ido	0.003	
ifa	Amganad Ifugao	Amganad Ifugao	-1	
ife	Ifè	Ifè	-1	
ifk	Tuwali Ifugao	Tuwali Ifugao	-1	
ifu	Mayoyao Ifugao	Mayoyao Ifugao	-1	
ify	Keley-I Kallahan	Keley-I Kallahan	-1	
iii	Sichuan Yi	Sichuan Yi	2	
ijc	Izon	Izon	-1	
iku	Inuktitut	Inuktitut	0.03	
ile	Interlingue	Interlingue	-1	
ilk	Ilongot	Ilongot	-1	
ilo	Iloko	Iloko	10	
ina	Interlingua (International Auxiliary Language Association)	Interlingua (International Auxiliary Language Association)	0.0003	
inh	Ingush	Ingush	-1	
ino	Inoke-Yate	Inoke-Yate	-1	
ipk	Inupiaq	Inupiaq	0.002	
irk	Iraqw	Iraqw	-1	
isl	Icelandic	Icelandic	0.32	
ita	Italian	Italian	70	
itl	Itelmen	Itelmen	-1	
its	Isekiri	Isekiri	-1	
ivb	Ibatan	Ibatan	-1	
ivv	Ivatan	Ivatan	-1	
iws	Sepik Iwam	Sepik Iwam	-1	
ixj	Chajul Ixil	Chajul Ixil	-1	
jai	Western Jacalteco	Western Jacalteco	-1	
jam	Jamaican Creole English	Jamaican Creole English	-1	
jao	Yanyuwa	Yanyuwa	-1	
jav	Javanese	Javanese	80	
jbj	Arandai	Arandai	-1	
jbo	Lojban	Lojban	-1	
jbt	Jabutí	Jabutí	-1	
jgo	Ngomba	Ngomba	-1	
jmd	Yamdena	Yamdena	-1	
jnj	Yemsa	Yemsa	-1	
jpn	Japanese	Japanese	132	
jra	Jarai	Jarai	-1	
jrb	Judeo-Arabic	Judeo-Arabic	-1	
jvn	Caribbean Javanese	Caribbean Javanese	-1	
kaa	Kara-Kalpak	Kara-Kalpak	0.41	
kab	Kabyle	Kabyle	8	
kac	Kachin	Kachin	-1	
kal	Kalaallisut	Kalaallisut	0.05	
kam	Kamba (Kenya)	Kamba (Kenya)	-1	
kan	Kannada	Kannada	47	
kaq	Capanahua	Capanahua	-1	
kas	Kashmiri	Kashmiri	5	
kat	Georgian	Georgian	4	
kau	Kanuri	Kanuri	4	
kaw	Kawi	Kawi	-1	
kaz	Kazakh	Kazakh	12	
kbc	Kadiwéu	Kadiwéu	-1	
kbd	Kabardian	Kabardian	2	
kbp	Kabiyè	Kabiyè	-1	
kca	Khanty	Khanty	-1	
kdd	Yankunytjatjara	Yankunytjatjara	-1	
kdh	Tem	Tem	-1	
kea	Kabuverdianu	Kabuverdianu	-1	
kek	Kekchí	Kekchí	-1	
ken	Kenyang	Kenyang	-1	
ker	Kera	Kera	-1	
kfy	Kumaoni	Kumaoni	-1	
kfz	Koromfé	Koromfé	-1	
kgh	Upper Tanudan Kalinga	Upper Tanudan Kalinga	-1	
kgs	Kumbainggar	Kumbainggar	-1	
kha	Khasi	Khasi	-1	
khb	Lü	Lü	-1	
khm	Central Khmer	Central Khmer	18	
kho	Khotanese	Khotanese	-1	
khq	Koyra Chiini Songhay	Koyra Chiini Songhay	-1	
kib	Koalib	Koalib	-1	
kij	Kilivila	Kilivila	-1	
kik	Kikuyu	Kikuyu	5	
kin	Kinyarwanda	Kinyarwanda	12	
kio	Kiowa	Kiowa	-1	
kir	Kirghiz	Kirghiz	5	
kjb	Q'anjob'al	Q'anjob'al	-1	
kjh	Khakas	Khakas	-1	
kjq	Western Keres	Western Keres	-1	
kkj	Kako	Kako	-1	
kla	Klamath-Modoc	Klamath-Modoc	-1	
kln	Kalenjin	Kalenjin	-1	
kma	Konni	Konni	-1	
kmb	Kimbundu	Kimbundu	-1	
kmh	Kalam	Kalam	-1	
kmw	Komo (Democratic Republic of Congo)	Komo (Democratic Republic of Congo)	-1	
kne	Kankanaey	Kankanaey	-1	
knj	Western Kanjobal	Western Kanjobal	-1	
knp	Kwanja	Kwanja	-1	
kog	Cogui	Cogui	-1	
kok	Konkani (macrolanguage)	Konkani (macrolanguage)	-1	
kom	Komi	Komi	0.387	
kon	Kongo	Kongo	7	
kor	Korean	Korean	78	
kos	Kosraean	Kosraean	-1	
koy	Koyukon	Koyukon	-1	
kpy	Koryak	Koryak	-1	
kqe	Kalagan	Kalagan	-1	
kqk	Kotafon Gbe	Kotafon Gbe	-1	
kqy	Koorete	Koorete	-1	
krc	Karachay-Balkar	Karachay-Balkar	-1	
kri	Krio	Krio	-1	
krl	Karelian	Karelian	-1	
ksh	Kölsch	Kölsch	0.25	
ksj	Uare	Uare	-1	
kst	Winyé	Winyé	-1	
ksw	S'gaw Karen	S'gaw Karen	-1	
ktb	Kambaata	Kambaata	-1	
ktu	Kituba (Democratic Republic of Congo)	Kituba (Democratic Republic of Congo)	-1	
kua	Kuanyama	Kuanyama	0.7	
kum	Kumyk	Kumyk	-1	
kup	Kunimaipa	Kunimaipa	-1	
kur	Kurdish	Kurdish	30	
kus	Kusaal	Kusaal	-1	
kut	Kutenai	Kutenai	-1	
kwk	Kwakiutl	Kwakiutl	-1	
kwn	Kwangali	Kwangali	-1	
kxc	Konso	Konso	-1	
kxv	Kuvi	Kuvi	-1	
kyf	Kouya	Kouya	-1	
kyh	Karok	Karok	-1	
kyq	Kenga	Kenga	-1	
kzr	Karang	Karang	-1	
lac	Lacandon	Lacandon	-1	
lad	Ladino	Ladino	0.109	
lah	Lahnda	Lahnda	60	
lam	Lamba	Lamba	-1	
lao	Lao	Lao	5	
las	Lama (Togo)	Lama (Togo)	-1	
lat	Latin	Latin	-1	
lav	Latvian	Latvian	2.15	
lbe	Lak	Lak	0.12	
lee	Lyélé	Lyélé	-1	
lef	Lelemi	Lelemi	-1	
lem	Nomaande	Nomaande	-1	
let	Lesing-Gelimi	Lesing-Gelimi	-1	
lez	Lezghian	Lezghian	0.784	
lhu	Lahu	Lahu	-1	
lij	Ligurian	Ligurian	2	
lik	Lika	Lika	-1	
lil	Lillooet	Lillooet	-1	
lim	Limburgan	Limburgan	2	
lin	Lingala	Lingala	25	
lis	Lisu	Lisu	-1	
lit	Lithuanian	Lithuanian	4	
liv	Liv	Liv	-1	
lkt	Lakota	Lakota	-1	
lle	Lele (Papua New Guinea)	Lele (Papua New Guinea)	-1	
lmo	Lombard	Lombard	3	
lmp	Limbum	Limbum	-1	
lms	Limousin	Limousin	-1	
lmw	Lake Miwok	Lake Miwok	-1	
lnc	Languedocien	Languedocien	-1	
lns	Lamnso'	Lamnso'	-1	
lob	Lobi	Lobi	-1	
log	Logo	Logo	-1	
lol	Mongo	Mongo	-1	
loq	Lobala	Lobala	-1	
lor	Téén	Téén	-1	
lpa	Lelepa	Lelepa	-1	
lrl	Lari	Lari	-1	
ltz	Luxembourgish	Luxembourgish	0.39	
lua	Luba-Lulua	Luba-Lulua	-1	
lub	Luba-Katanga	Luba-Katanga	-1	
lug	Ganda	Ganda	10	
lui	Luiseno	Luiseno	-1	
lus	Lushai	Lushai	-1	
lut	Lushootseed	Lushootseed	-1	
mah	Marshallese	Marshallese	0.04	
mai	Maithili	Maithili	-1	
mal	Malayalam	Malayalam	37	
man	Mandingo	Mandingo	-1	
mar	Marathi	Marathi	90	
mau	Huautla Mazatec	Huautla Mazatec	-1	
maw	Mampruli	Mampruli	-1	
mba	Higaonon	Higaonon	-1	
mbb	Western Bukidnon Manobo	Western Bukidnon Manobo	-1	
mbd	Dibabawon Manobo	Dibabawon Manobo	-1	
mbi	Ilianen Manobo	Ilianen Manobo	-1	
mbs	Sarangani Manobo	Sarangani Manobo	-1	
mbt	Matigsalug Manobo	Matigsalug Manobo	-1	
mcb	Machiguenga	Machiguenga	-1	
mcd	Sharanahua	Sharanahua	-1	
mcm	Malaccan Creole Portuguese	Malaccan Creole Portuguese	-1	
mcp	Makaa	Makaa	-1	
mcu	Cameroon Mambila	Cameroon Mambila	-1	
mde	Maba (Chad)	Maba (Chad)	-1	
mdf	Moksha	Moksha	0.5	
mdm	Mayogo	Mayogo	-1	
med	Melpa	Melpa	-1	
meq	Merey	Merey	-1	
mez	Menominee	Menominee	-1	
mfe	Morisyen	Morisyen	-1	
mfh	Matal	Matal	-1	
mfi	Wandala	Wandala	-1	
mga	Middle Irish (900-1200)	Middle Irish (900-1200)	-1	
mgo	Meta'	Meta'	-1	
mgv	Matengo	Matengo	-1	
mhg	Margu	Margu	-1	
mhq	Mandan	Mandan	-1	
mhu	Digaro-Mishmi	Digaro-Mishmi	-1	
mic	Mi'kmaq	Mi'kmaq	-1	
mif	Mofu-Gudur	Mofu-Gudur	-1	
miq	Mískito	Mískito	-1	
mjy	Mahican	Mahican	-1	
mkd	Macedonian	Macedonian	3	
mkw	Kituba (Congo)	Kituba (Congo)	-1	
mla	Malo	Malo	-1	
mlg	Malagasy	Malagasy	20	
mlp	Bargam	Bargam	-1	
mlt	Maltese	Maltese	0.37	
mmn	Mamanwa	Mamanwa	-1	
mmu	Mmaala	Mmaala	-1	
mmy	Migaama	Migaama	-1	
mnc	Manchu	Manchu	-1	
mnf	Mundani	Mundani	-1	
mnh	Mono (Democratic Republic of Congo)	Mono (Democratic Republic of Congo)	-1	
mni	Manipuri	Manipuri	-1	
mns	Mansi	Mansi	-1	
mnw	Mon	Mon	-1	
moa	Mwan	Mwan	-1	
moe	Montagnais	Montagnais	-1	
moh	Mohawk	Mohawk	-1	
mol	Moldavian	Moldavian	-1	
mon	Mongolian	Mongolian	5	
mor	Moro	Moro	-1	
mos	Mossi	Mossi	-1	
mov	Mohave	Mohave	-1	
mox	Molima	Molima	-1	
moz	Mukulu	Mukulu	-1	
mpc	Mangarayi	Mangarayi	-1	
mpe	Majang	Majang	-1	
mpu	Makuráp	Makuráp	-1	
mqb	Mbuko	Mbuko	-1	
mql	Mbelime	Mbelime	-1	
mri	Maori	Maori	0.157	
msa	Malay (macrolanguage)	Malay (macrolanguage)	554	
msb	Masbatenyo	Masbatenyo	-1	
msm	Agusan Manobo	Agusan Manobo	-1	
mta	Cotabato Manobo	Cotabato Manobo	-1	
mtg	Una	Una	-1	
mtp	Wichí Lhamtés Nocten	Wichí Lhamtés Nocten	-1	
mua	Mundang	Mundang	-1	
mus	Creek	Creek	0.01	
muw	Mundari	Mundari	-1	
muy	Muyang	Muyang	-1	
mvc	Central Mam	Central Mam	-1	
mwf	Murrinh-Patha	Murrinh-Patha	-1	
mwl	Mirandese	Mirandese	0.015	
mwp	Kala Lagaw Ya	Kala Lagaw Ya	-1	
mxp	Tlahuitoltepec Mixe	Tlahuitoltepec Mixe	-1	
mya	Burmese	Burmese	52	
mym	Me'en	Me'en	-1	
myv	Erzya	Erzya	0.5	
mzm	Mumuye	Mumuye	-1	
mzn	Mazanderani	Mazanderani	4	
mzs	Macanese	Macanese	-1	
mzw	Deg	Deg	-1	
nap	Neapolitan	Neapolitan	8	
naq	Nama (Namibia)	Nama (Namibia)	-1	
nau	Nauru	Nauru	0.006	
nav	Navajo	Navajo	0.178	
naw	Nawuri	Nawuri	-1	
nay	Narrinyeri	Narrinyeri	-1	
naz	Coatepec Nahuatl	Coatepec Nahuatl	-1	
nbf	Naxi	Naxi	-1	
nbl	South Ndebele	South Ndebele	-1	
nbw	Southern Ngbandi	Southern Ngbandi	-1	
ncf	Notsi	Notsi	-1	
nci	Classical Nahuatl	Classical Nahuatl	-1	
ncu	Chumburung	Chumburung	-1	
ncx	Central Puebla Nahuatl	Central Puebla Nahuatl	-1	
ncz	Natchez	Natchez	-1	
nde	North Ndebele	North Ndebele	-1	
ndo	Ndonga	Ndonga	1	
nds	Low German	Low German	10	
neb	Toura (Côte d'Ivoire)	Toura (Côte d'Ivoire)	-1	
nem	Nemi	Nemi	-1	
nen	Nengone	Nengone	-1	
nep	Nepali macrolanguage	Nepali (macrolanguage)	30	
new	Newari	Newari	0.8	
nez	Nez Perce	Nez Perce	-1	
nfr	Nafaanra	Nafaanra	-1	
nga	Ngbaka	Ngbaka	-1	
ngk	Ngalkbun	Ngalkbun	-1	
nhr	Naro	Naro	-1	
nhu	Noone	Noone	-1	
nhv	Temascaltepec Nahuatl	Temascaltepec Nahuatl	-1	
nij	Ngaju	Ngaju	-1	
nio	Nganasan	Nganasan	-1	
niu	Niuean	Niuean	-1	
niv	Gilyak	Gilyak	-1	
nko	Nkonya	Nkonya	-1	
nld	Dutch	Dutch	27	
nna	Nyangumarta	Nyangumarta	-1	
nnh	Ngiemboon	Ngiemboon	-1	
nnw	Southern Nuni	Southern Nuni	-1	
nog	Nogai	Nogai	-1	
non	Old Norse	Old Norse	-1	
noo	Nootka	Nootka	-1	
nor	Norwegian	Norwegian	10	
nou	Ewage-Notu	Ewage-Notu	-1	
nov	Novial	Novial	-1	
nrm	Narom	Narom	-1	
nrn	Norn	Norn	-1	
nsk	Naskapi	Naskapi	-1	
nso	Pedi	Pedi	4	
nss	Nali	Nali	-1	
ntj	Ngaanyatjarra	Ngaanyatjarra	-1	
ntm	Nateni	Nateni	-1	
ntr	Delo	Delo	-1	
nus	Nuer	Nuer	-1	
nuy	Nunggubuyu	Nunggubuyu	-1	
nwb	Nyabwa	Nyabwa	-1	
nya	Nyanja	Nyanja	9	
nyj	Nyanga	Nyanga	-1	
nyo	Nyoro	Nyoro	-1	
nys	Nyunga	Nyunga	-1	
nza	Tigon Mbembe	Tigon Mbembe	-1	
nzy	Nzakambay	Nzakambay	-1	
obo	Obo Manobo	Obo Manobo	-1	
och	Old Chinese	Old Chinese	-1	
oci	Occitan (post 1500)	Occitan (post 1500)	2	
ofs	Old Frisian	Old Frisian	-1	
oge	Old Georgian	Old Georgian	-1	
oji	Ojibwa	Ojibwa	-1	
ojp	Old Japanese	Old Japanese	-1	
oka	Okanagan	Okanagan	-1	
oku	Oku	Oku	-1	
olo	Livvi	Livvi	-1	
oma	Omaha-Ponca	Omaha-Ponca	-1	
omn	Minoan	Minoan	-1	
omw	South Tairora	South Tairora	-1	
one	Oneida	Oneida	-1	
onw	Old Nubian	Old Nubian	-1	
opm	Oksapmin	Oksapmin	-1	
ori	Oriya (macrolanguage)	Oriya (macrolanguage)	31	
ork	Orokaiva	Orokaiva	-1	
orm	Oromo	Oromo	26	
orv	Old Russian	Old Russian	-1	
osa	Osage	Osage	-1	
osp	Old Spanish	Old Spanish	-1	
oss	Ossetian	Ossetian	0.52	
osx	Old Saxon	Old Saxon	-1	
ota	Ottoman Turkish (1500-1928)	Ottoman Turkish (1500-1928)	-1	
otk	Old Turkish	Old Turkish	-1	
oty	Old Tamil	Old Tamil	-1	
oym	Wayampi	Wayampi	-1	
ozm	Koonzime	Koonzime	-1	
pad	Paumarí	Paumarí	-1	
pag	Pangasinan	Pangasinan	2	
pal	Pahlavi	Pahlavi	-1	
pam	Pampanga	Pampanga	3	
pan	Panjabi	Panjabi	104	
pao	Northern Paiute	Northern Paiute	-1	
pap	Papiamento	Papiamento	0.329	
pau	Palauan	Palauan	-1	
paw	Pawnee	Pawnee	-1	
pbi	Parkwa	Parkwa	-1	
pcc	Bouyei	Bouyei	-1	
pcd	Picard	Picard	-1	
pcm	Nigerian Pidgin	Nigerian Pidgin	-1	
pdc	Pennsylvania German	Pennsylvania German	0.25	
pdt	Plautdietsch	Plautdietsch	-1	
peo	Old Persian (ca. 600-400 B.C.)	Old Persian (ca. 600-400 B.C.)	-1	
pfl	Pfaelzisch	Pfaelzisch	-1	
pgu	Pagu	Pagu	-1	
pia	Pima Bajo	Pima Bajo	-1	
pib	Yine	Yine	-1	
pih	Pitcairn-Norfolk	Pitcairn-Norfolk	0.0006	
pil	Yom	Yom	-1	
pir	Piratapuyo	Piratapuyo	-1	
pis	Pijin	Pijin	-1	
piu	Pintupi-Luritja	Pintupi-Luritja	-1	
piz	Pije	Pije	-1	
pjt	Pitjantjatjara	Pitjantjatjara	-1	
pkp	Pukapuka	Pukapuka	-1	
pli	Pali	Pali	-1	
plw	Brooke's Point Palawano	Brooke's Point Palawano	-1	
pms	Piemontese	Piemontese	2	
pnt	Pontic	Pontic	0.325	
pol	Polish	Polish	43	
poq	Texistepec Popoluca	Texistepec Popoluca	-1	
por	Portuguese	Portuguese	290	
pqm	Malecite-Passamaquoddy	Malecite-Passamaquoddy	-1	
prg	Prussian	Prussian	-1	
pri	Paicî	Paicî	-1	
pro	Old Provençal (to 1500)	Old Provençal (to 1500)	-1	
prq	Ashéninka Perené	Ashéninka Perené	-1	
prt	Phai	Phai	-1	
psh	Southwest Pashayi	Southwest Pashayi	-1	
psi	Southeast Pashayi	Southeast Pashayi	-1	
pus	Pushto	Pushto	26	
pwm	Molbog	Molbog	-1	
quc	K'iche'	K'iche'	-1	
que	Quechua	Quechua	10	
raj	Rajasthani	Rajasthani	-1	
ram	Canela	Canela	-1	
rar	Rarotongan	Rarotongan	-1	
rcf	Réunion Creole French	Réunion Creole French	-1	
rif	Tarifit	Tarifit	-1	
rmr	Caló	Caló	-1	
rmu	Tavringer Romani	Tavringer Romani	-1	
roh	Romansh	Romansh	0.035	
rom	Romany	Romany	2	
ron	Romanian	Romanian	28	
rop	Kriol	Kriol	-1	
rue	Rusyn	Rusyn	0.6	
rug	Roviana	Roviana	-1	
run	Rundi	Rundi	5	
rup	Macedo-Romanian	Macedo-Romanian	0.3	
rus	Russian	Russian	278	
rut	Rutul	Rutul	-1	
rwo	Rawa	Rawa	-1	
sac	Meskwaki	Meskwaki	-1	
sag	Sango	Sango	3	
sah	Yakut	Yakut	0.456	
san	Sanskrit	Sanskrit	0.05	
sar	Saraveca	Saraveca	-1	
sat	Santali	Santali	-1	
sba	Ngambay	Ngambay	-1	
sbg	Seget	Seget	-1	
sbl	Botolan Sambal	Botolan Sambal	-1	
scl	Shina	Shina	-1	
scn	Sicilian	Sicilian	8	
sco	Scots	Scots	2	
sda	Toraja-Sa'dan	Toraja-Sa'dan	-1	
see	Seneca	Seneca	-1	
sef	Cebaara Senoufo	Cebaara Senoufo	-1	
seh	Sena	Sena	-1	
sel	Selkup	Selkup	-1	
sep	Sìcìté Sénoufo	Sìcìté Sénoufo	-1	
ses	Koyraboro Senni Songhai	Koyraboro Senni Songhai	-1	
sga	Old Irish (to 900)	Old Irish (to 900)	-1	
sgb	Mag-antsi Ayta	Mag-antsi Ayta	-1	
sgs	Samogitian	Samogitian	0.5	
shh	Shoshoni	Shoshoni	-1	
shn	Shan	Shan	-1	
shp	Shipibo-Conibo	Shipibo-Conibo	-1	
sid	Sidamo	Sidamo	-1	
sig	Paasaal	Paasaal	-1	
sil	Tumulung Sisaala	Tumulung Sisaala	-1	
sin	Sinhala	Sinhala	19	
sjd	Kildin Sami	Kildin Sami	-1	
sjm	Mapun	Mapun	-1	
sjo	Xibe	Xibe	-1	
sjt	Ter Sami	Ter Sami	-1	
ska	Skagit	Skagit	-1	
sld	Sissala	Sissala	-1	
slh	Southern Puget Sound Salish	Southern Puget Sound Salish	-1	
slk	Slovak	Slovak	7	
slm	Pangutaran Sama	Pangutaran Sama	-1	
sln	Salinan	Salinan	-1	
slv	Slovenian	Slovenian	2	
sma	Southern Sami	Southern Sami	-1	
smd	Sama	Sama	-1	
sme	Northern Sami	Northern Sami	0.02	
smj	Lule Sami	Lule Sami	-1	
smn	Inari Sami	Inari Sami	-1	
smo	Samoan	Samoan	0.37	
sms	Skolt Sami	Skolt Sami	-1	
sna	Shona	Shona	7	
snd	Sindhi	Sindhi	41	
snk	Soninke	Soninke	-1	
snl	Sangil	Sangil	-1	
sog	Sogdian	Sogdian	-1	
sok	Sokoro	Sokoro	-1	
som	Somali	Somali	14	
sor	Somrai	Somrai	-1	
sot	Southern Sotho	Southern Sotho	5	
spa	Spanish	Spanish	500	
sqi	Albanian	Albanian	16	
squ	Squamish	Squamish	-1	
srd	Sardinian	Sardinian	2	
sre	Sara	Sara	-1	
srm	Saramaccan	Saramaccan	-1	
srn	Sranan Tongo	Sranan Tongo	0.3	
srr	Serer	Serer	-1	
srs	Sarsi	Sarsi	-1	
sru	Suruí	Suruí	-1	
ssw	Swati	Swati	3	
stq	Saterfriesisch	Saterfriesisch	0.002	
sub	Suku	Suku	-1	
suc	Western Subanon	Western Subanon	-1	
sum	Sumo-Mayangna	Sumo-Mayangna	-1	
sun	Sundanese	Sundanese	27	
suq	Suri	Suri	-1	
sux	Sumerian	Sumerian	-1	
swa	Swahili (macrolanguage)	Swahili (macrolanguage)	50	
swb	Maore Comorian	Maore Comorian	-1	
swe	Swedish	Swedish	10	
swg	Swabian	Swabian	-1	
sxn	Sangir	Sangir	-1	
sxw	Saxwe Gbe	Saxwe Gbe	-1	
syb	Central Subanen	Central Subanen	-1	
syr	Syriac	Syriac	-1	
szl	Silesian	Silesian	0.056	
taa	Lower Tanana	Lower Tanana	-1	
tab	Tabassaran	Tabassaran	-1	
tah	Tahitian	Tahitian	0.12	
tam	Tamil	Tamil	66	
tan	Tangale	Tangale	-1	
tat	Tatar	Tatar	8	
tau	Upper Tanana	Upper Tanana	-1	
tbl	Tboli	Tboli	-1	
tbt	Tembo (Kitembo)	Tembo (Kitembo)	-1	
tbw	Tagbanwa	Tagbanwa	-1	
tbz	Ditammari	Ditammari	-1	
tca	Ticuna	Ticuna	-1	
tcb	Tanacross	Tanacross	-1	
tcs	Torres Strait Creole	Torres Strait Creole	-1	
tcy	Tulu	Tulu	-1	
tdd	Tai Nüa	Tai Nüa	-1	
ted	Tepo Krumen	Tepo Krumen	-1	
tel	Telugu	Telugu	80	
tem	Timne	Timne	-1	
tet	Tetum	Tetum	0.8	
tew	Tewa (USA)	Tewa (USA)	-1	
tgk	Tajik	Tajik	4	
tha	Thai	Thai	73	
thd	Thayore	Thayore	-1	
tik	Tikar	Tikar	-1	
tir	Tigrinya	Tigrinya	7	
tiw	Tiwi	Tiwi	-1	
tiy	Tiruray	Tiruray	-1	
tiz	Tai Hongjin	Tai Hongjin	-1	
tkl	Tokelau	Tokelau	-1	
tkr	Tsakhur	Tsakhur	-1	
tkw	Teanu	Teanu	-1	
tlh	Klingon	Klingon	-1	
tli	Tlingit	Tlingit	-1	
tmh	Tamashek	Tamashek	-1	
tnd	Angosturas Tunebo	Angosturas Tunebo	-1	
tnm	Tabla	Tabla	-1	
tnr	Bedik	Bedik	-1	
tog	Tonga (Nyasa)	Tonga (Nyasa)	-1	
toh	Gitonga	Gitonga	-1	
toi	Tonga (Zambia)	Tonga (Zambia)	-1	
ton	Tonga (Tonga Islands)	Tonga (Tonga Islands)	0.105	
tpi	Tok Pisin	Tok Pisin	-1	
tpm	Tampulma	Tampulma	-1	
tpr	Tuparí	Tuparí	-1	
tpw	Tupí	Tupí	-1	
tqo	Toaripi	Toaripi	-1	
tri	Trió	Trió	-1	
tsc	Tswa	Tswa	-1	
tsg	Tausug	Tausug	-1	
tsn	Tswana	Tswana	4	
tso	Tsonga	Tsonga	3	
tsz	Purepecha	Purepecha	-1	
ttc	Tektiteko	Tektiteko	-1	
ttt	Muslim Tat	Muslim Tat	-1	
tue	Tuyuca	Tuyuca	-1	
tuk	Turkmen	Turkmen	9	
tum	Tumbuka	Tumbuka	2	
tuo	Tucano	Tucano	-1	
tur	Turkish	Turkish	70	
tuv	Turkana	Turkana	-1	
tuz	Turka	Turka	-1	
tvl	Tuvalu	Tuvalu	-1	
twf	Northern Tiwa	Northern Tiwa	-1	
txg	Tangut	Tangut	-1	
tyv	Tuvinian	Tuvinian	-1	
tzb	Bachajón Tzeltal	Bachajón Tzeltal	-1	
tzm	Central Atlas Tamazight	Central Atlas Tamazight	-1	
uby	Ubykh	Ubykh	-1	
ude	Udihe	Udihe	-1	
udl	Wuzlam	Wuzlam	-1	
udm	Udmurt	Udmurt	0.55	
udu	Uduk	Uduk	-1	
uga	Ugaritic	Ugaritic	-1	
uig	Uighur	Uighur	10	
ukr	Ukrainian	Ukrainian	45	
ulc	Ulch	Ulch	-1	
uli	Ulithian	Ulithian	-1	
uma	Umatilla	Umatilla	-1	
unp	Worora	Worora	-1	
urb	Urubú-Kaapor	Urubú-Kaapor	-1	
urd	Urdu	Urdu	60	
usp	Uspanteco	Uspanteco	-1	
uvl	Lote	Lote	-1	
uzb	Uzbek	Uzbek	24	
vag	Vagla	Vagla	-1	
vas	Vasavi	Vasavi	-1	
vec	Venetian	Venetian	2	
ven	Venda	Venda	0.875	
vep	Veps	Veps	0.000006	
vie	Vietnamese	Vietnamese	80	
vls	Vlaams	Vlaams	1	
vmw	Makhuwa	Makhuwa	-1	
vol	Volapük	Volapük	2.00E-05	
vot	Votic	Votic	-1	
vut	Vute	Vute	-1	
wal	Wolaytta	Wolaytta	-1	
wap	Wapishana	Wapishana	-1	
war	Waray (Philippines)	Waray (Philippines)	3	
way	Wayana	Wayana	-1	
wbl	Wakhi	Wakhi	-1	
wbm	Wa	Wa	-1	
wbp	Warlpiri	Warlpiri	-1	
wci	Waci Gbe	Waci Gbe	-1	
wgg	Wangganguru	Wangganguru	-1	
wib	Southern Toussian	Southern Toussian	-1	
wic	Wichita	Wichita	-1	
wim	Wik-Mungkan	Wik-Mungkan	-1	
wit	Wintu	Wintu	-1	
wiu	Wiru	Wiru	-1	
wlm	Middle Welsh	Middle Welsh	-1	
wln	Walloon	Walloon	0.6	
wls	Wallisian	Wallisian	-1	
wmt	Walmajarri	Walmajarri	-1	
wni	Ndzwani Comorian	Ndzwani Comorian	-1	
wob	Wè Northern	Wè Northern	-1	
wol	Wolof	Wolof	4	
wsk	Waskia	Waskia	-1	
wti	Berta	Berta	-1	
wwa	Waama	Waama	-1	
wya	Wyandot	Wyandot	-1	
xal	Kalmyk	Kalmyk	0.174	
xav	Xavánte	Xavánte	-1	
xeb	Eblan	Eblan	-1	
xed	Hdi	Hdi	-1	
xho	Xhosa	Xhosa	8	
xmf	Mingrelian	Mingrelian	0.5	
xnn	Northern Kankanay	Northern Kankanay	-1	
xno	Anglo-Norman	Anglo-Norman	-1	
xon	Konkomba	Konkomba	-1	
xra	Krahô	Krahô	-1	
xrb	Eastern Karaboro	Eastern Karaboro	-1	
xsb	Sambal	Sambal	-1	
xsm	Kasem	Kasem	-1	
xtm	Magdalena Peñasco Mixtec	Magdalena Peñasco Mixtec	-1	
xua	Alu Kurumba	Alu Kurumba	-1	
xuo	Kuo	Kuo	-1	
xuu	Kxoe	Kxoe	-1	
yaa	Yaminahua	Yaminahua	-1	
yam	Yamba	Yamba	-1	
yaq	Yaqui	Yaqui	-1	
yas	Nugunu (Cameroon)	Nugunu (Cameroon)	-1	
ybb	Yemba	Yemba	-1	
yid	Yiddish	Yiddish	3	
yiz	Azhe	Azhe	-1	
yka	Yakan	Yakan	-1	
ykg	Northern Yukaghir	Northern Yukaghir	-1	
yle	Yele	Yele	-1	
ylr	Yalarnnga	Yalarnnga	-1	
yml	Iamalele	Iamalele	-1	
ynn	Yana	Yana	-1	
yor	Yoruba	Yoruba	25	
yrb	Yareba	Yareba	-1	
yre	Yaouré	Yaouré	-1	
yrk	Nenets	Nenets	-1	
yua	Yucateco	Yucateco	-1	
yuc	Yuchi	Yuchi	-1	
yuk	Yuki	Yuki	-1	
yum	Quechan	Quechan	-1	
yus	Chan Santa Cruz Maya	Chan Santa Cruz Maya	-1	
yut	Yopno	Yopno	-1	
zap	Zapotec	Zapotec	-1	
zdj	Ngazidja Comorian	Ngazidja Comorian	-1	
zea	Zeeuws	Zeeuws	0.22	
zha	Zhuang	Zhuang	14	
zho	Chinese	Chinese	1575	Comparatively few non-natives speak Chinese. Even Japanese and Koreans don’t appear to be learning in droves.
zir	Ziriya	Ziriya	-1	
zmz	Mbandja	Mbandja	-1	
zna	Zan Gula	Zan Gula	-1	
zul	Zulu	Zulu	26	
zun	Zuni	Zuni	-1	
zza	Zaza	Zaza	2	